Workbook

Sheet PENGISIAN
E2: Laporan Pengisian Bahan Bakar Solar Tambang
E3: Note : Total Pemakaian Perhari Pada Header (Liter)
B5: Perusahaan | C5: Jenis Alat | D5: Tipe Unit | E5: 1 | L5: 2 | S5: 3 | Z5: 4 | AG5: 5 | AN5: 6 | AU5: 7 | BB5: 8 | BI5: 9 | BP5: 10 | BW5: 11 | CD5: 12 | CK5: 13 | CR5: 14 | CY5: 15 | DF5: 16 | DM5: 17 | DT5: 18 | EA5: 19 | EH5: 20 | EO5: 21 | EV5: 22 | FC5: 23 | FJ5: 24 | FQ5: 25 | FX5: 26 | GE5: 27 | GL5: 28 | GS5: 29 | GZ5: 30 | HG5: 31
E6: PENGISIAN (LITER) | L6: PENGISIAN (LITER) | S6: PENGISIAN (LITER) | Z6: PENGISIAN (LITER) | AG6: PENGISIAN (LITER) | AN6: PENGISIAN (LITER) | AU6: PENGISIAN (LITER) | BB6: PENGISIAN (LITER) | BI6: PENGISIAN (LITER) | BP6: PENGISIAN (LITER) | BW6: PENGISIAN (LITER) | CD6: PENGISIAN (LITER) | CK6: PENGISIAN (LITER) | CR6: PENGISIAN (LITER) | CY6: PENGISIAN (LITER) | DF6: PENGISIAN (LITER) | DM6: PENGISIAN (LITER) | DT6: PENGISIAN (LITER) | EA6: PENGISIAN (LITER) | EH6: PENGISIAN (LITER) | EO6: PENGISIAN (LITER) | EV6: PENGISIAN (LITER) | FC6: PENGISIAN (LITER) | FJ6: PENGISIAN (LITER) | FQ6: PENGISIAN (LITER) | FX6: PENGISIAN (LITER) | GE6: PENGISIAN (LITER) | GL6: PENGISIAN (LITER) | GS6: PENGISIAN (LITER) | GZ6: PENGISIAN (LITER) | HG6: PENGISIAN (LITER) | HN6: Total (L) | HO6: Total (Jam) Ops | HP6: L/J
E7: P | F7: HM | G7: S | H7: HM | I7: L/Jam | J7: Jam Operasi | K7: Liter | L7: P | M7: HM | N7: S | O7: HM | P7: L/Jam | Q7: Jam Operasi | R7: Liter | S7: P | T7: HM | U7: S | V7: HM | W7: L/Jam | X7: Jam Operasi | Y7: Liter | Z7: P | AA7: HM | AB7: S | AC7: HM | AD7: L/Jam | AE7: Jam Operasi | AF7: Liter | AG7: P | AH7: HM | AI7: S | AJ7: HM | AK7: L/Jam | AL7: Jam Operasi | AM7: Liter | AN7: P | AO7: HM | AP7: S | AQ7: HM | AR7: L/Jam | AS7: Jam Operasi | AT7: Liter | AU7: P | AV7: HM | AW7: S | AX7: HM | AY7: L/Jam | AZ7: Jam Operasi | BA7: Liter | BB7: P | BC7: HM | BD7: S | BE7: HM | BF7: L/Jam | BG7: Jam Operasi | BH7: Liter | BI7: P | BJ7: HM | BK7: S | BL7: HM | BM7: L/Jam | BN7: Jam Operasi | BO7: Liter | BP7: P | BQ7: HM | BR7: S | BS7: HM | BT7: L/Jam | BU7: Jam Operasi | BV7: Liter | BW7: P | BX7: HM | BY7: S | BZ7: HM | CA7: L/Jam | CB7: Jam Operasi | CC7: Liter | CD7: P | CE7: HM | CF7: S | CG7: HM | CH7: L/Jam | CI7: Jam Operasi | CJ7: Liter | CK7: P | CL7: HM | CM7: S | CN7: HM | CO7: L/Jam | CP7: Jam Operasi | CQ7: Liter | CR7: P | CS7: HM | CT7: S | CU7: HM | CV7: L/Jam | CW7: Jam Operasi | CX7: Liter | CY7: P | CZ7: HM | DA7: S | DB7: HM | DC7: L/Jam | DD7: Jam Operasi | DE7: Liter | DF7: P | DG7: HM | DH7: S | DI7: HM | DJ7: L/Jam | DK7: Jam Operasi | DL7: Liter | DM7: P | DN7: HM | DO7: S | DP7: HM | DQ7: L/Jam | DR7: Jam Operasi | DS7: Liter | DT7: P | DU7: HM | DV7: S | DW7: HM | DX7: L/Jam | DY7: Jam Operasi | DZ7: Liter | EA7: P | EB7: HM | EC7: S | ED7: HM | EE7: L/Jam | EF7: Jam Operasi | EG7: Liter | EH7: P | EI7: HM | EJ7: S | EK7: HM | EL7: L/Jam | EM7: Jam Operasi | EN7: Liter | EO7: P | EP7: HM | EQ7: S | ER7: HM | ES7: L/Jam | ET7: Jam Operasi | EU7: Liter | EV7: P | EW7: HM | EX7: S | EY7: HM | EZ7: L/Jam | FA7: Jam Operasi | FB7: Liter | FC7: P | FD7: HM | FE7: S | FF7: HM | FG7: L/Jam | FH7: Jam Operasi | FI7: Liter | FJ7: P | FK7: HM | FL7: S | FM7: HM | FN7: L/Jam | FO7: Jam Operasi | FP7: Liter | FQ7: P | FR7: HM | FS7: S | FT7: HM | FU7: L/Jam | FV7: Jam Operasi | FW7: Liter | FX7: P | FY7: HM | FZ7: S | GA7: HM | GB7: L/Jam | GC7: Jam Operasi | GD7: Liter | GE7: P | GF7: HM | GG7: S | GH7: HM | GI7: L/Jam | GJ7: Jam Operasi | GK7: Liter | GL7: P | GM7: HM | GN7: S | GO7: HM | GP7: L/Jam | GQ7: Jam Operasi | GR7: Liter | GS7: P | GT7: HM | GU7: S | GV7: HM | GW7: L/Jam | GX7: Jam Operasi | GY7: Liter | GZ7: P | HA7: HM | HB7: S | HC7: HM | HD7: L/Jam | HE7: Jam Operasi | HF7: Liter | HG7: P | HH7: HM | HI7: S | HJ7: HM | HK7: L/Jam | HL7: Jam Operasi | HM7: Liter
B8: PT SEMEN PADANG | C8: Alat Muat | D8: EC 02 | E8: 0 | F8: 3090 | I8: =IFERROR(IF(J8>0,CALC!B8/J8,"-"),"-") -> - | J8: =IF(F8>0,IFERROR(IF(CALC!A8>0,CALC!A8-F8,"-"),"-"),"-") -> - | K8: =IF(SUM(E8,G8)>0,SUM(E8,G8),"-") -> - | L8: 0 | M8: 3090 | P8: =IFERROR(IF(Q8>0,CALC!D8/Q8,"-"),"-") -> - | Q8: =IF(M8>0,IFERROR(IF(CALC!C8>0,CALC!C8-M8,"-"),"-"),"-") -> - | R8: =IF(SUM(L8,N8)>0,SUM(L8,N8),"-") -> - | S8: 0 | T8: 3090 | W8: =IFERROR(IF(X8>0,CALC!F8/X8,"-"),"-") -> 7.24 | X8: =IF(T8>0,IFERROR(IF(CALC!E8>0,CALC!E8-T8,"-"),"-"),"-") -> 50 | Y8: =IF(SUM(S8,U8)>0,SUM(S8,U8),"-") -> - | Z8: 0 | AA8: 3090 | AB8: 362 | AC8: 3140 | AD8: =IFERROR(IF(AE8>0,CALC!H8/AE8,"-"),"-") -> 7.24 | AE8: =IF(AA8>0,IFERROR(IF(CALC!G8>0,CALC!G8-AA8,"-"),"-"),"-") -> 50 | AF8: =IF(SUM(Z8,AB8)>0,SUM(Z8,AB8),"-") -> 362 | AG8: 0 | AH8: 3140 | AK8: =IFERROR(IF(AL8>0,CALC!J8/AL8,"-"),"-") -> - | AL8: =IF(AH8>0,IFERROR(IF(CALC!I8>0,CALC!I8-AH8,"-"),"-"),"-") -> - | AM8: =IF(SUM(AG8,AI8)>0,SUM(AG8,AI8),"-") -> - | AR8: =IFERROR(IF(AS8>0,CALC!L8/AS8,"-"),"-") -> - | AS8: =IF(AO8>0,IFERROR(IF(CALC!K8>0,CALC!K8-AO8,"-"),"-"),"-") -> - | AT8: =IF(SUM(AN8,AP8)>0,SUM(AN8,AP8),"-") -> - | AY8: =IFERROR(IF(AZ8>0,CALC!N8/AZ8,"-"),"-") -> - | AZ8: =IF(AV8>0,IFERROR(IF(CALC!M8>0,CALC!M8-AV8,"-"),"-"),"-") -> - | BA8: =IF(SUM(AU8,AW8)>0,SUM(AU8,AW8),"-") -> - | BF8: =IFERROR(IF(BG8>0,CALC!P8/BG8,"-"),"-") -> - | BG8: =IF(BC8>0,IFERROR(IF(CALC!O8>0,CALC!O8-BC8,"-"),"-"),"-") -> - | BH8: =IF(SUM(BB8,BD8)>0,SUM(BB8,BD8),"-") -> - | BM8: =IFERROR(IF(BN8>0,CALC!R8/BN8,"-"),"-") -> - | BN8: =IF(BJ8>0,IFERROR(IF(CALC!Q8>0,CALC!Q8-BJ8,"-"),"-"),"-") -> - | BO8: =IF(SUM(BI8,BK8)>0,SUM(BI8,BK8),"-") -> - | BT8: =IFERROR(IF(BU8>0,CALC!T8/BU8,"-"),"-") -> - | BU8: =IF(BQ8>0,IFERROR(IF(CALC!S8>0,CALC!S8-BQ8,"-"),"-"),"-") -> - | BV8: =IF(SUM(BP8,BR8)>0,SUM(BP8,BR8),"-") -> - | CA8: =IFERROR(IF(CB8>0,CALC!V8/CB8,"-"),"-") -> - | CB8: =IF(BX8>0,IFERROR(IF(CALC!U8>0,CALC!U8-BX8,"-"),"-"),"-") -> - | CC8: =IF(SUM(BW8,BY8)>0,SUM(BW8,BY8),"-") -> - | CH8: =IFERROR(IF(CI8>0,CALC!X8/CI8,"-"),"-") -> - | CI8: =IF(CE8>0,IFERROR(IF(CALC!W8>0,CALC!W8-CE8,"-"),"-"),"-") -> - | CJ8: =IF(SUM(CD8,CF8)>0,SUM(CD8,CF8),"-") -> - | CO8: =IFERROR(IF(CP8>0,CALC!Z8/CP8,"-"),"-") -> - | CP8: =IF(CL8>0,IFERROR(IF(CALC!Y8>0,CALC!Y8-CL8,"-"),"-"),"-") -> - | CQ8: =IF(SUM(CK8,CM8)>0,SUM(CK8,CM8),"-") -> - | CV8: =IFERROR(IF(CW8>0,CALC!AB8/CW8,"-"),"-") -> - | CW8: =IF(CS8>0,IFERROR(IF(CALC!AA8>0,CALC!AA8-CS8,"-"),"-"),"-") -> - | CX8: =IF(SUM(CR8,CT8)>0,SUM(CR8,CT8),"-") -> - | DC8: =IFERROR(IF(DD8>0,CALC!AD8/DD8,"-"),"-") -> - | DD8: =IF(CZ8>0,IFERROR(IF(CALC!AC8>0,CALC!AC8-CZ8,"-"),"-"),"-") -> - | DE8: =IF(SUM(CY8,DA8)>0,SUM(CY8,DA8),"-") -> - | DJ8: =IFERROR(IF(DK8>0,CALC!AF8/DK8,"-"),"-") -> - | DK8: =IF(DG8>0,IFERROR(IF(CALC!AE8>0,CALC!AE8-DG8,"-"),"-"),"-") -> - | DL8: =IF(SUM(DF8,DH8)>0,SUM(DF8,DH8),"-") -> - | DQ8: =IFERROR(IF(DR8>0,CALC!AH8/DR8,"-"),"-") -> - | DR8: =IF(DN8>0,IFERROR(IF(CALC!AG8>0,CALC!AG8-DN8,"-"),"-"),"-") -> - | DS8: =IF(SUM(DM8,DO8)>0,SUM(DM8,DO8),"-") -> - | DX8: =IFERROR(IF(DY8>0,CALC!AJ8/DY8,"-"),"-") -> - | DY8: =IF(DU8>0,IFERROR(IF(CALC!AI8>0,CALC!AI8-DU8,"-"),"-"),"-") -> - | DZ8: =IF(SUM(DT8,DV8)>0,SUM(DT8,DV8),"-") -> - | EE8: =IFERROR(IF(EF8>0,CALC!AL8/EF8,"-"),"-") -> - | EF8: =IF(EB8>0,IFERROR(IF(CALC!AK8>0,CALC!AK8-EB8,"-"),"-"),"-") -> - | EG8: =IF(SUM(EA8,EC8)>0,SUM(EA8,EC8),"-") -> - | EL8: =IFERROR(IF(EM8>0,CALC!AN8/EM8,"-"),"-") -> - | EM8: =IF(EI8>0,IFERROR(IF(CALC!AM8>0,CALC!AM8-EI8,"-"),"-"),"-") -> - | EN8: =IF(SUM(EH8,EJ8)>0,SUM(EH8,EJ8),"-") -> - | ES8: =IFERROR(IF(ET8>0,CALC!AP8/ET8,"-"),"-") -> - | ET8: =IF(EP8>0,IFERROR(IF(CALC!AO8>0,CALC!AO8-EP8,"-"),"-"),"-") -> - | EU8: =IF(SUM(EO8,EQ8)>0,SUM(EO8,EQ8),"-") -> - | EZ8: =IFERROR(IF(FA8>0,CALC!AR8/FA8,"-"),"-") -> - | FA8: =IF(EW8>0,IFERROR(IF(CALC!AQ8>0,CALC!AQ8-EW8,"-"),"-"),"-") -> - | FB8: =IF(SUM(EV8,EX8)>0,SUM(EV8,EX8),"-") -> - | FG8: =IFERROR(IF(FH8>0,CALC!AT8/FH8,"-"),"-") -> - | FH8: =IF(FD8>0,IFERROR(IF(CALC!AS8>0,CALC!AS8-FD8,"-"),"-"),"-") -> - | FI8: =IF(SUM(FC8,FE8)>0,SUM(FC8,FE8),"-") -> - | FN8: =IFERROR(IF(FO8>0,CALC!AV8/FO8,"-"),"-") -> - | FO8: =IF(FK8>0,IFERROR(IF(CALC!AU8>0,CALC!AU8-FK8,"-"),"-"),"-") -> - | FP8: =IF(SUM(FJ8,FL8)>0,SUM(FJ8,FL8),"-") -> - | FU8: =IFERROR(IF(FV8>0,CALC!AX8/FV8,"-"),"-") -> - | FV8: =IF(FR8>0,IFERROR(IF(CALC!AW8>0,CALC!AW8-FR8,"-"),"-"),"-") -> - | FW8: =IF(SUM(FQ8,FS8)>0,SUM(FQ8,FS8),"-") -> - | GB8: =IFERROR(IF(GC8>0,CALC!AZ8/GC8,"-"),"-") -> - | GC8: =IF(FY8>0,IFERROR(IF(CALC!AY8>0,CALC!AY8-FY8,"-"),"-"),"-") -> - | GD8: =IF(SUM(FX8,FZ8)>0,SUM(FX8,FZ8),"-") -> - | GI8: =IFERROR(IF(GJ8>0,CALC!BB8/GJ8,"-"),"-") -> - | GJ8: =IF(GF8>0,IFERROR(IF(CALC!BA8>0,CALC!BA8-GF8,"-"),"-"),"-") -> - | GK8: =IF(SUM(GE8,GG8)>0,SUM(GE8,GG8),"-") -> - | GP8: =IFERROR(IF(GQ8>0,CALC!BD8/GQ8,"-"),"-") -> - | GQ8: =IF(GM8>0,IFERROR(IF(CALC!BC8>0,CALC!BC8-GM8,"-"),"-"),"-") -> - | GR8: =IF(SUM(GL8,GN8)>0,SUM(GL8,GN8),"-") -> - | GW8: =IFERROR(IF(GX8>0,CALC!BF8/GX8,"-"),"-") -> - | GX8: =IF(GT8>0,IFERROR(IF(CALC!BE8>0,CALC!BE8-GT8,"-"),"-"),"-") -> - | GY8: =IF(SUM(GS8,GU8)>0,SUM(GS8,GU8),"-") -> - | HD8: =IFERROR(IF(HE8>0,CALC!BH8/HE8,"-"),"-") -> - | HE8: =IF(HA8>0,IFERROR(IF(CALC!BG8>0,CALC!BG8-HA8,"-"),"-"),"-") -> - | HF8: =IF(SUM(GZ8,HB8)>0,SUM(GZ8,HB8),"-") -> - | HK8: =IFERROR(IF(HL8>0,CALC!BJ8/HL8,"-"),"-") -> - | HL8: =IF(HH8>0,IFERROR(IF(CALC!BI8>0,CALC!BI8-HH8,"-"),"-"),"-") -> - | HM8: =IF(SUM(HG8,HI8)>0,SUM(HG8,HI8),"-") -> - | HN8: =SUM(K8,R8,Y8,AF8,AM8,AT8,BA8,BH8,BO8,BV8,CC8,CJ8,CQ8,CX8,DE8,DL8,DS8,DZ8,EG8,EN8,EU8,FB8,FI8,FP8,FW8,GD8,GK8,GR8,GY8,HF8,HM8) -> 362 | HO8: =SUM(J8,Q8,X8,AE8,AL8,AS8,AZ8,BG8,BN8,BU8,CB8,CI8,CP8,CW8,DD8,DK8,DR8,DY8,EF8,EM8,ET8,FA8,FH8,FO8,FV8,GC8,GJ8,GQ8,GX8,HE8,HL8) -> 100 | HP8: =IFERROR(HN8/HO8,"") -> 3.62
D9: EC 03 | E9: 0 | F9: 29879 | I9: =IFERROR(IF(J9>0,CALC!B9/J9,"-"),"-") -> - | J9: =IF(F9>0,IFERROR(IF(CALC!A9>0,CALC!A9-F9,"-"),"-"),"-") -> - | K9: =IF(SUM(E9,G9)>0,SUM(E9,G9),"-") -> - | L9: 0 | M9: 29879 | P9: =IFERROR(IF(Q9>0,CALC!D9/Q9,"-"),"-") -> - | Q9: =IF(M9>0,IFERROR(IF(CALC!C9>0,CALC!C9-M9,"-"),"-"),"-") -> - | R9: =IF(SUM(L9,N9)>0,SUM(L9,N9),"-") -> - | S9: 0 | T9: 29879 | W9: =IFERROR(IF(X9>0,CALC!F9/X9,"-"),"-") -> - | X9: =IF(T9>0,IFERROR(IF(CALC!E9>0,CALC!E9-T9,"-"),"-"),"-") -> - | Y9: =IF(SUM(S9,U9)>0,SUM(S9,U9),"-") -> - | Z9: 0 | AA9: 29879 | AD9: =IFERROR(IF(AE9>0,CALC!H9/AE9,"-"),"-") -> - | AE9: =IF(AA9>0,IFERROR(IF(CALC!G9>0,CALC!G9-AA9,"-"),"-"),"-") -> - | AF9: =IF(SUM(Z9,AB9)>0,SUM(Z9,AB9),"-") -> - | AG9: 0 | AH9: 29879 | AK9: =IFERROR(IF(AL9>0,CALC!J9/AL9,"-"),"-") -> - | AL9: =IF(AH9>0,IFERROR(IF(CALC!I9>0,CALC!I9-AH9,"-"),"-"),"-") -> - | AM9: =IF(SUM(AG9,AI9)>0,SUM(AG9,AI9),"-") -> - | AR9: =IFERROR(IF(AS9>0,CALC!L9/AS9,"-"),"-") -> - | AS9: =IF(AO9>0,IFERROR(IF(CALC!K9>0,CALC!K9-AO9,"-"),"-"),"-") -> - | AT9: =IF(SUM(AN9,AP9)>0,SUM(AN9,AP9),"-") -> - | AY9: =IFERROR(IF(AZ9>0,CALC!N9/AZ9,"-"),"-") -> - | AZ9: =IF(AV9>0,IFERROR(IF(CALC!M9>0,CALC!M9-AV9,"-"),"-"),"-") -> - | BA9: =IF(SUM(AU9,AW9)>0,SUM(AU9,AW9),"-") -> - | BF9: =IFERROR(IF(BG9>0,CALC!P9/BG9,"-"),"-") -> - | BG9: =IF(BC9>0,IFERROR(IF(CALC!O9>0,CALC!O9-BC9,"-"),"-"),"-") -> - | BH9: =IF(SUM(BB9,BD9)>0,SUM(BB9,BD9),"-") -> - | BM9: =IFERROR(IF(BN9>0,CALC!R9/BN9,"-"),"-") -> - | BN9: =IF(BJ9>0,IFERROR(IF(CALC!Q9>0,CALC!Q9-BJ9,"-"),"-"),"-") -> - | BO9: =IF(SUM(BI9,BK9)>0,SUM(BI9,BK9),"-") -> - | BT9: =IFERROR(IF(BU9>0,CALC!T9/BU9,"-"),"-") -> - | BU9: =IF(BQ9>0,IFERROR(IF(CALC!S9>0,CALC!S9-BQ9,"-"),"-"),"-") -> - | BV9: =IF(SUM(BP9,BR9)>0,SUM(BP9,BR9),"-") -> - | CA9: =IFERROR(IF(CB9>0,CALC!V9/CB9,"-"),"-") -> - | CB9: =IF(BX9>0,IFERROR(IF(CALC!U9>0,CALC!U9-BX9,"-"),"-"),"-") -> - | CC9: =IF(SUM(BW9,BY9)>0,SUM(BW9,BY9),"-") -> - | CH9: =IFERROR(IF(CI9>0,CALC!X9/CI9,"-"),"-") -> - | CI9: =IF(CE9>0,IFERROR(IF(CALC!W9>0,CALC!W9-CE9,"-"),"-"),"-") -> - | CJ9: =IF(SUM(CD9,CF9)>0,SUM(CD9,CF9),"-") -> - | CO9: =IFERROR(IF(CP9>0,CALC!Z9/CP9,"-"),"-") -> - | CP9: =IF(CL9>0,IFERROR(IF(CALC!Y9>0,CALC!Y9-CL9,"-"),"-"),"-") -> - | CQ9: =IF(SUM(CK9,CM9)>0,SUM(CK9,CM9),"-") -> - | CV9: =IFERROR(IF(CW9>0,CALC!AB9/CW9,"-"),"-") -> - | CW9: =IF(CS9>0,IFERROR(IF(CALC!AA9>0,CALC!AA9-CS9,"-"),"-"),"-") -> - | CX9: =IF(SUM(CR9,CT9)>0,SUM(CR9,CT9),"-") -> - | DC9: =IFERROR(IF(DD9>0,CALC!AD9/DD9,"-"),"-") -> - | DD9: =IF(CZ9>0,IFERROR(IF(CALC!AC9>0,CALC!AC9-CZ9,"-"),"-"),"-") -> - | DE9: =IF(SUM(CY9,DA9)>0,SUM(CY9,DA9),"-") -> - | DJ9: =IFERROR(IF(DK9>0,CALC!AF9/DK9,"-"),"-") -> - | DK9: =IF(DG9>0,IFERROR(IF(CALC!AE9>0,CALC!AE9-DG9,"-"),"-"),"-") -> - | DL9: =IF(SUM(DF9,DH9)>0,SUM(DF9,DH9),"-") -> - | DQ9: =IFERROR(IF(DR9>0,CALC!AH9/DR9,"-"),"-") -> - | DR9: =IF(DN9>0,IFERROR(IF(CALC!AG9>0,CALC!AG9-DN9,"-"),"-"),"-") -> - | DS9: =IF(SUM(DM9,DO9)>0,SUM(DM9,DO9),"-") -> - | DX9: =IFERROR(IF(DY9>0,CALC!AJ9/DY9,"-"),"-") -> - | DY9: =IF(DU9>0,IFERROR(IF(CALC!AI9>0,CALC!AI9-DU9,"-"),"-"),"-") -> - | DZ9: =IF(SUM(DT9,DV9)>0,SUM(DT9,DV9),"-") -> - | EE9: =IFERROR(IF(EF9>0,CALC!AL9/EF9,"-"),"-") -> - | EF9: =IF(EB9>0,IFERROR(IF(CALC!AK9>0,CALC!AK9-EB9,"-"),"-"),"-") -> - | EG9: =IF(SUM(EA9,EC9)>0,SUM(EA9,EC9),"-") -> - | EL9: =IFERROR(IF(EM9>0,CALC!AN9/EM9,"-"),"-") -> - | EM9: =IF(EI9>0,IFERROR(IF(CALC!AM9>0,CALC!AM9-EI9,"-"),"-"),"-") -> - | EN9: =IF(SUM(EH9,EJ9)>0,SUM(EH9,EJ9),"-") -> - | ES9: =IFERROR(IF(ET9>0,CALC!AP9/ET9,"-"),"-") -> - | ET9: =IF(EP9>0,IFERROR(IF(CALC!AO9>0,CALC!AO9-EP9,"-"),"-"),"-") -> - | EU9: =IF(SUM(EO9,EQ9)>0,SUM(EO9,EQ9),"-") -> - | EZ9: =IFERROR(IF(FA9>0,CALC!AR9/FA9,"-"),"-") -> - | FA9: =IF(EW9>0,IFERROR(IF(CALC!AQ9>0,CALC!AQ9-EW9,"-"),"-"),"-") -> - | FB9: =IF(SUM(EV9,EX9)>0,SUM(EV9,EX9),"-") -> - | FG9: =IFERROR(IF(FH9>0,CALC!AT9/FH9,"-"),"-") -> - | FH9: =IF(FD9>0,IFERROR(IF(CALC!AS9>0,CALC!AS9-FD9,"-"),"-"),"-") -> - | FI9: =IF(SUM(FC9,FE9)>0,SUM(FC9,FE9),"-") -> - | FN9: =IFERROR(IF(FO9>0,CALC!AV9/FO9,"-"),"-") -> - | FO9: =IF(FK9>0,IFERROR(IF(CALC!AU9>0,CALC!AU9-FK9,"-"),"-"),"-") -> - | FP9: =IF(SUM(FJ9,FL9)>0,SUM(FJ9,FL9),"-") -> - | FU9: =IFERROR(IF(FV9>0,CALC!AX9/FV9,"-"),"-") -> - | FV9: =IF(FR9>0,IFERROR(IF(CALC!AW9>0,CALC!AW9-FR9,"-"),"-"),"-") -> - | FW9: =IF(SUM(FQ9,FS9)>0,SUM(FQ9,FS9),"-") -> - | GB9: =IFERROR(IF(GC9>0,CALC!AZ9/GC9,"-"),"-") -> - | GC9: =IF(FY9>0,IFERROR(IF(CALC!AY9>0,CALC!AY9-FY9,"-"),"-"),"-") -> - | GD9: =IF(SUM(FX9,FZ9)>0,SUM(FX9,FZ9),"-") -> - | GI9: =IFERROR(IF(GJ9>0,CALC!BB9/GJ9,"-"),"-") -> - | GJ9: =IF(GF9>0,IFERROR(IF(CALC!BA9>0,CALC!BA9-GF9,"-"),"-"),"-") -> - | GK9: =IF(SUM(GE9,GG9)>0,SUM(GE9,GG9),"-") -> - | GP9: =IFERROR(IF(GQ9>0,CALC!BD9/GQ9,"-"),"-") -> - | GQ9: =IF(GM9>0,IFERROR(IF(CALC!BC9>0,CALC!BC9-GM9,"-"),"-"),"-") -> - | GR9: =IF(SUM(GL9,GN9)>0,SUM(GL9,GN9),"-") -> - | GW9: =IFERROR(IF(GX9>0,CALC!BF9/GX9,"-"),"-") -> - | GX9: =IF(GT9>0,IFERROR(IF(CALC!BE9>0,CALC!BE9-GT9,"-"),"-"),"-") -> - | GY9: =IF(SUM(GS9,GU9)>0,SUM(GS9,GU9),"-") -> - | HD9: =IFERROR(IF(HE9>0,CALC!BH9/HE9,"-"),"-") -> - | HE9: =IF(HA9>0,IFERROR(IF(CALC!BG9>0,CALC!BG9-HA9,"-"),"-"),"-") -> - | HF9: =IF(SUM(GZ9,HB9)>0,SUM(GZ9,HB9),"-") -> - | HK9: =IFERROR(IF(HL9>0,CALC!BJ9/HL9,"-"),"-") -> - | HL9: =IF(HH9>0,IFERROR(IF(CALC!BI9>0,CALC!BI9-HH9,"-"),"-"),"-") -> - | HM9: =IF(SUM(HG9,HI9)>0,SUM(HG9,HI9),"-") -> - | HN9: =SUM(K9,R9,Y9,AF9,AM9,AT9,BA9,BH9,BO9,BV9,CC9,CJ9,CQ9,CX9,DE9,DL9,DS9,DZ9,EG9,EN9,EU9,FB9,FI9,FP9,FW9,GD9,GK9,GR9,GY9,HF9,HM9) -> 0 | HO9: =SUM(J9,Q9,X9,AE9,AL9,AS9,AZ9,BG9,BN9,BU9,CB9,CI9,CP9,CW9,DD9,DK9,DR9,DY9,EF9,EM9,ET9,FA9,FH9,FO9,FV9,GC9,GJ9,GQ9,GX9,HE9,HL9) -> 0 | HP9: =IFERROR(HN9/HO9,"")
D10: EH 06 | E10: 2333 | F10: 53106 | I10: =IFERROR(IF(J10>0,CALC!B10/J10,"-"),"-") -> 139.58824 | J10: =IF(F10>0,IFERROR(IF(CALC!A10>0,CALC!A10-F10,"-"),"-"),"-") -> 17 | K10: =IF(SUM(E10,G10)>0,SUM(E10,G10),"-") -> 2333 | L10: 2373 | M10: 53123 | P10: =IFERROR(IF(Q10>0,CALC!D10/Q10,"-"),"-") -> 132.10526 | Q10: =IF(M10>0,IFERROR(IF(CALC!C10>0,CALC!C10-M10,"-"),"-"),"-") -> 15.2 | R10: =IF(SUM(L10,N10)>0,SUM(L10,N10),"-") -> 2373 | S10: 2008 | T10: 53138.2 | W10: =IFERROR(IF(X10>0,CALC!F10/X10,"-"),"-") -> 132.86713 | X10: =IF(T10>0,IFERROR(IF(CALC!E10>0,CALC!E10-T10,"-"),"-"),"-") -> 14.3 | Y10: =IF(SUM(S10,U10)>0,SUM(S10,U10),"-") -> 2008 | Z10: 1900 | AA10: 53152.5 | AD10: =IFERROR(IF(AE10>0,CALC!H10/AE10,"-"),"-") -> - | AE10: =IF(AA10>0,IFERROR(IF(CALC!G10>0,CALC!G10-AA10,"-"),"-"),"-") -> - | AF10: =IF(SUM(Z10,AB10)>0,SUM(Z10,AB10),"-") -> 1900 | AG10: 0 | AH10: 53152.5 | AK10: =IFERROR(IF(AL10>0,CALC!J10/AL10,"-"),"-") -> - | AL10: =IF(AH10>0,IFERROR(IF(CALC!I10>0,CALC!I10-AH10,"-"),"-"),"-") -> - | AM10: =IF(SUM(AG10,AI10)>0,SUM(AG10,AI10),"-") -> - | AR10: =IFERROR(IF(AS10>0,CALC!L10/AS10,"-"),"-") -> - | AS10: =IF(AO10>0,IFERROR(IF(CALC!K10>0,CALC!K10-AO10,"-"),"-"),"-") -> - | AT10: =IF(SUM(AN10,AP10)>0,SUM(AN10,AP10),"-") -> - | AY10: =IFERROR(IF(AZ10>0,CALC!N10/AZ10,"-"),"-") -> - | AZ10: =IF(AV10>0,IFERROR(IF(CALC!M10>0,CALC!M10-AV10,"-"),"-"),"-") -> - | BA10: =IF(SUM(AU10,AW10)>0,SUM(AU10,AW10),"-") -> - | BF10: =IFERROR(IF(BG10>0,CALC!P10/BG10,"-"),"-") -> - | BG10: =IF(BC10>0,IFERROR(IF(CALC!O10>0,CALC!O10-BC10,"-"),"-"),"-") -> - | BH10: =IF(SUM(BB10,BD10)>0,SUM(BB10,BD10),"-") -> - | BM10: =IFERROR(IF(BN10>0,CALC!R10/BN10,"-"),"-") -> - | BN10: =IF(BJ10>0,IFERROR(IF(CALC!Q10>0,CALC!Q10-BJ10,"-"),"-"),"-") -> - | BO10: =IF(SUM(BI10,BK10)>0,SUM(BI10,BK10),"-") -> - | BT10: =IFERROR(IF(BU10>0,CALC!T10/BU10,"-"),"-") -> - | BU10: =IF(BQ10>0,IFERROR(IF(CALC!S10>0,CALC!S10-BQ10,"-"),"-"),"-") -> - | BV10: =IF(SUM(BP10,BR10)>0,SUM(BP10,BR10),"-") -> - | CA10: =IFERROR(IF(CB10>0,CALC!V10/CB10,"-"),"-") -> - | CB10: =IF(BX10>0,IFERROR(IF(CALC!U10>0,CALC!U10-BX10,"-"),"-"),"-") -> - | CC10: =IF(SUM(BW10,BY10)>0,SUM(BW10,BY10),"-") -> - | CH10: =IFERROR(IF(CI10>0,CALC!X10/CI10,"-"),"-") -> - | CI10: =IF(CE10>0,IFERROR(IF(CALC!W10>0,CALC!W10-CE10,"-"),"-"),"-") -> - | CJ10: =IF(SUM(CD10,CF10)>0,SUM(CD10,CF10),"-") -> - | CO10: =IFERROR(IF(CP10>0,CALC!Z10/CP10,"-"),"-") -> - | CP10: =IF(CL10>0,IFERROR(IF(CALC!Y10>0,CALC!Y10-CL10,"-"),"-"),"-") -> - | CQ10: =IF(SUM(CK10,CM10)>0,SUM(CK10,CM10),"-") -> - | CV10: =IFERROR(IF(CW10>0,CALC!AB10/CW10,"-"),"-") -> - | CW10: =IF(CS10>0,IFERROR(IF(CALC!AA10>0,CALC!AA10-CS10,"-"),"-"),"-") -> - | CX10: =IF(SUM(CR10,CT10)>0,SUM(CR10,CT10),"-") -> - | DC10: =IFERROR(IF(DD10>0,CALC!AD10/DD10,"-"),"-") -> - | DD10: =IF(CZ10>0,IFERROR(IF(CALC!AC10>0,CALC!AC10-CZ10,"-"),"-"),"-") -> - | DE10: =IF(SUM(CY10,DA10)>0,SUM(CY10,DA10),"-") -> - | DJ10: =IFERROR(IF(DK10>0,CALC!AF10/DK10,"-"),"-") -> - | DK10: =IF(DG10>0,IFERROR(IF(CALC!AE10>0,CALC!AE10-DG10,"-"),"-"),"-") -> - | DL10: =IF(SUM(DF10,DH10)>0,SUM(DF10,DH10),"-") -> - | DQ10: =IFERROR(IF(DR10>0,CALC!AH10/DR10,"-"),"-") -> - | DR10: =IF(DN10>0,IFERROR(IF(CALC!AG10>0,CALC!AG10-DN10,"-"),"-"),"-") -> - | DS10: =IF(SUM(DM10,DO10)>0,SUM(DM10,DO10),"-") -> - | DX10: =IFERROR(IF(DY10>0,CALC!AJ10/DY10,"-"),"-") -> - | DY10: =IF(DU10>0,IFERROR(IF(CALC!AI10>0,CALC!AI10-DU10,"-"),"-"),"-") -> - | DZ10: =IF(SUM(DT10,DV10)>0,SUM(DT10,DV10),"-") -> - | EE10: =IFERROR(IF(EF10>0,CALC!AL10/EF10,"-"),"-") -> - | EF10: =IF(EB10>0,IFERROR(IF(CALC!AK10>0,CALC!AK10-EB10,"-"),"-"),"-") -> - | EG10: =IF(SUM(EA10,EC10)>0,SUM(EA10,EC10),"-") -> - | EL10: =IFERROR(IF(EM10>0,CALC!AN10/EM10,"-"),"-") -> - | EM10: =IF(EI10>0,IFERROR(IF(CALC!AM10>0,CALC!AM10-EI10,"-"),"-"),"-") -> - | EN10: =IF(SUM(EH10,EJ10)>0,SUM(EH10,EJ10),"-") -> - | ES10: =IFERROR(IF(ET10>0,CALC!AP10/ET10,"-"),"-") -> - | ET10: =IF(EP10>0,IFERROR(IF(CALC!AO10>0,CALC!AO10-EP10,"-"),"-"),"-") -> - | EU10: =IF(SUM(EO10,EQ10)>0,SUM(EO10,EQ10),"-") -> - | EZ10: =IFERROR(IF(FA10>0,CALC!AR10/FA10,"-"),"-") -> - | FA10: =IF(EW10>0,IFERROR(IF(CALC!AQ10>0,CALC!AQ10-EW10,"-"),"-"),"-") -> - | FB10: =IF(SUM(EV10,EX10)>0,SUM(EV10,EX10),"-") -> - | FG10: =IFERROR(IF(FH10>0,CALC!AT10/FH10,"-"),"-") -> - | FH10: =IF(FD10>0,IFERROR(IF(CALC!AS10>0,CALC!AS10-FD10,"-"),"-"),"-") -> - | FI10: =IF(SUM(FC10,FE10)>0,SUM(FC10,FE10),"-") -> - | FN10: =IFERROR(IF(FO10>0,CALC!AV10/FO10,"-"),"-") -> - | FO10: =IF(FK10>0,IFERROR(IF(CALC!AU10>0,CALC!AU10-FK10,"-"),"-"),"-") -> - | FP10: =IF(SUM(FJ10,FL10)>0,SUM(FJ10,FL10),"-") -> - | FU10: =IFERROR(IF(FV10>0,CALC!AX10/FV10,"-"),"-") -> - | FV10: =IF(FR10>0,IFERROR(IF(CALC!AW10>0,CALC!AW10-FR10,"-"),"-"),"-") -> - | FW10: =IF(SUM(FQ10,FS10)>0,SUM(FQ10,FS10),"-") -> - | GB10: =IFERROR(IF(GC10>0,CALC!AZ10/GC10,"-"),"-") -> - | GC10: =IF(FY10>0,IFERROR(IF(CALC!AY10>0,CALC!AY10-FY10,"-"),"-"),"-") -> - | GD10: =IF(SUM(FX10,FZ10)>0,SUM(FX10,FZ10),"-") -> - | GI10: =IFERROR(IF(GJ10>0,CALC!BB10/GJ10,"-"),"-") -> - | GJ10: =IF(GF10>0,IFERROR(IF(CALC!BA10>0,CALC!BA10-GF10,"-"),"-"),"-") -> - | GK10: =IF(SUM(GE10,GG10)>0,SUM(GE10,GG10),"-") -> - | GP10: =IFERROR(IF(GQ10>0,CALC!BD10/GQ10,"-"),"-") -> - | GQ10: =IF(GM10>0,IFERROR(IF(CALC!BC10>0,CALC!BC10-GM10,"-"),"-"),"-") -> - | GR10: =IF(SUM(GL10,GN10)>0,SUM(GL10,GN10),"-") -> - | GW10: =IFERROR(IF(GX10>0,CALC!BF10/GX10,"-"),"-") -> - | GX10: =IF(GT10>0,IFERROR(IF(CALC!BE10>0,CALC!BE10-GT10,"-"),"-"),"-") -> - | GY10: =IF(SUM(GS10,GU10)>0,SUM(GS10,GU10),"-") -> - | HD10: =IFERROR(IF(HE10>0,CALC!BH10/HE10,"-"),"-") -> - | HE10: =IF(HA10>0,IFERROR(IF(CALC!BG10>0,CALC!BG10-HA10,"-"),"-"),"-") -> - | HF10: =IF(SUM(GZ10,HB10)>0,SUM(GZ10,HB10),"-") -> - | HK10: =IFERROR(IF(HL10>0,CALC!BJ10/HL10,"-"),"-") -> - | HL10: =IF(HH10>0,IFERROR(IF(CALC!BI10>0,CALC!BI10-HH10,"-"),"-"),"-") -> - | HM10: =IF(SUM(HG10,HI10)>0,SUM(HG10,HI10),"-") -> - | HN10: =SUM(K10,R10,Y10,AF10,AM10,AT10,BA10,BH10,BO10,BV10,CC10,CJ10,CQ10,CX10,DE10,DL10,DS10,DZ10,EG10,EN10,EU10,FB10,FI10,FP10,FW10,GD10,GK10,GR10,GY10,HF10,HM10) -> 8614 | HO10: =SUM(J10,Q10,X10,AE10,AL10,AS10,AZ10,BG10,BN10,BU10,CB10,CI10,CP10,CW10,DD10,DK10,DR10,DY10,EF10,EM10,ET10,FA10,FH10,FO10,FV10,GC10,GJ10,GQ10,GX10,HE10,HL10) -> 46.5 | HP10: =IFERROR(HN10/HO10,"") -> 185.24731
D11: LC 06 | I11: =IFERROR(IF(J11>0,CALC!B11/J11,"-"),"-") -> - | J11: =IF(F11>0,IFERROR(IF(CALC!A11>0,CALC!A11-F11,"-"),"-"),"-") -> - | K11: =IF(SUM(E11,G11)>0,SUM(E11,G11),"-") -> - | P11: =IFERROR(IF(Q11>0,CALC!D11/Q11,"-"),"-") -> - | Q11: =IF(M11>0,IFERROR(IF(CALC!C11>0,CALC!C11-M11,"-"),"-"),"-") -> - | R11: =IF(SUM(L11,N11)>0,SUM(L11,N11),"-") -> - | W11: =IFERROR(IF(X11>0,CALC!F11/X11,"-"),"-") -> - | X11: =IF(T11>0,IFERROR(IF(CALC!E11>0,CALC!E11-T11,"-"),"-"),"-") -> - | Y11: =IF(SUM(S11,U11)>0,SUM(S11,U11),"-") -> - | AD11: =IFERROR(IF(AE11>0,CALC!H11/AE11,"-"),"-") -> - | AE11: =IF(AA11>0,IFERROR(IF(CALC!G11>0,CALC!G11-AA11,"-"),"-"),"-") -> - | AF11: =IF(SUM(Z11,AB11)>0,SUM(Z11,AB11),"-") -> - | AK11: =IFERROR(IF(AL11>0,CALC!J11/AL11,"-"),"-") -> - | AL11: =IF(AH11>0,IFERROR(IF(CALC!I11>0,CALC!I11-AH11,"-"),"-"),"-") -> - | AM11: =IF(SUM(AG11,AI11)>0,SUM(AG11,AI11),"-") -> - | AR11: =IFERROR(IF(AS11>0,CALC!L11/AS11,"-"),"-") -> - | AS11: =IF(AO11>0,IFERROR(IF(CALC!K11>0,CALC!K11-AO11,"-"),"-"),"-") -> - | AT11: =IF(SUM(AN11,AP11)>0,SUM(AN11,AP11),"-") -> - | AY11: =IFERROR(IF(AZ11>0,CALC!N11/AZ11,"-"),"-") -> - | AZ11: =IF(AV11>0,IFERROR(IF(CALC!M11>0,CALC!M11-AV11,"-"),"-"),"-") -> - | BA11: =IF(SUM(AU11,AW11)>0,SUM(AU11,AW11),"-") -> - | BF11: =IFERROR(IF(BG11>0,CALC!P11/BG11,"-"),"-") -> - | BG11: =IF(BC11>0,IFERROR(IF(CALC!O11>0,CALC!O11-BC11,"-"),"-"),"-") -> - | BH11: =IF(SUM(BB11,BD11)>0,SUM(BB11,BD11),"-") -> - | BM11: =IFERROR(IF(BN11>0,CALC!R11/BN11,"-"),"-") -> - | BN11: =IF(BJ11>0,IFERROR(IF(CALC!Q11>0,CALC!Q11-BJ11,"-"),"-"),"-") -> - | BO11: =IF(SUM(BI11,BK11)>0,SUM(BI11,BK11),"-") -> - | BT11: =IFERROR(IF(BU11>0,CALC!T11/BU11,"-"),"-") -> - | BU11: =IF(BQ11>0,IFERROR(IF(CALC!S11>0,CALC!S11-BQ11,"-"),"-"),"-") -> - | BV11: =IF(SUM(BP11,BR11)>0,SUM(BP11,BR11),"-") -> - | CA11: =IFERROR(IF(CB11>0,CALC!V11/CB11,"-"),"-") -> - | CB11: =IF(BX11>0,IFERROR(IF(CALC!U11>0,CALC!U11-BX11,"-"),"-"),"-") -> - | CC11: =IF(SUM(BW11,BY11)>0,SUM(BW11,BY11),"-") -> - | CH11: =IFERROR(IF(CI11>0,CALC!X11/CI11,"-"),"-") -> - | CI11: =IF(CE11>0,IFERROR(IF(CALC!W11>0,CALC!W11-CE11,"-"),"-"),"-") -> - | CJ11: =IF(SUM(CD11,CF11)>0,SUM(CD11,CF11),"-") -> - | CO11: =IFERROR(IF(CP11>0,CALC!Z11/CP11,"-"),"-") -> - | CP11: =IF(CL11>0,IFERROR(IF(CALC!Y11>0,CALC!Y11-CL11,"-"),"-"),"-") -> - | CQ11: =IF(SUM(CK11,CM11)>0,SUM(CK11,CM11),"-") -> - | CV11: =IFERROR(IF(CW11>0,CALC!AB11/CW11,"-"),"-") -> - | CW11: =IF(CS11>0,IFERROR(IF(CALC!AA11>0,CALC!AA11-CS11,"-"),"-"),"-") -> - | CX11: =IF(SUM(CR11,CT11)>0,SUM(CR11,CT11),"-") -> - | DC11: =IFERROR(IF(DD11>0,CALC!AD11/DD11,"-"),"-") -> - | DD11: =IF(CZ11>0,IFERROR(IF(CALC!AC11>0,CALC!AC11-CZ11,"-"),"-"),"-") -> - | DE11: =IF(SUM(CY11,DA11)>0,SUM(CY11,DA11),"-") -> - | DJ11: =IFERROR(IF(DK11>0,CALC!AF11/DK11,"-"),"-") -> - | DK11: =IF(DG11>0,IFERROR(IF(CALC!AE11>0,CALC!AE11-DG11,"-"),"-"),"-") -> - | DL11: =IF(SUM(DF11,DH11)>0,SUM(DF11,DH11),"-") -> - | DQ11: =IFERROR(IF(DR11>0,CALC!AH11/DR11,"-"),"-") -> - | DR11: =IF(DN11>0,IFERROR(IF(CALC!AG11>0,CALC!AG11-DN11,"-"),"-"),"-") -> - | DS11: =IF(SUM(DM11,DO11)>0,SUM(DM11,DO11),"-") -> - | DX11: =IFERROR(IF(DY11>0,CALC!AJ11/DY11,"-"),"-") -> - | DY11: =IF(DU11>0,IFERROR(IF(CALC!AI11>0,CALC!AI11-DU11,"-"),"-"),"-") -> - | DZ11: =IF(SUM(DT11,DV11)>0,SUM(DT11,DV11),"-") -> - | EE11: =IFERROR(IF(EF11>0,CALC!AL11/EF11,"-"),"-") -> - | EF11: =IF(EB11>0,IFERROR(IF(CALC!AK11>0,CALC!AK11-EB11,"-"),"-"),"-") -> - | EG11: =IF(SUM(EA11,EC11)>0,SUM(EA11,EC11),"-") -> - | EL11: =IFERROR(IF(EM11>0,CALC!AN11/EM11,"-"),"-") -> - | EM11: =IF(EI11>0,IFERROR(IF(CALC!AM11>0,CALC!AM11-EI11,"-"),"-"),"-") -> - | EN11: =IF(SUM(EH11,EJ11)>0,SUM(EH11,EJ11),"-") -> - | ES11: =IFERROR(IF(ET11>0,CALC!AP11/ET11,"-"),"-") -> - | ET11: =IF(EP11>0,IFERROR(IF(CALC!AO11>0,CALC!AO11-EP11,"-"),"-"),"-") -> - | EU11: =IF(SUM(EO11,EQ11)>0,SUM(EO11,EQ11),"-") -> - | EZ11: =IFERROR(IF(FA11>0,CALC!AR11/FA11,"-"),"-") -> - | FA11: =IF(EW11>0,IFERROR(IF(CALC!AQ11>0,CALC!AQ11-EW11,"-"),"-"),"-") -> - | FB11: =IF(SUM(EV11,EX11)>0,SUM(EV11,EX11),"-") -> - | FG11: =IFERROR(IF(FH11>0,CALC!AT11/FH11,"-"),"-") -> - | FH11: =IF(FD11>0,IFERROR(IF(CALC!AS11>0,CALC!AS11-FD11,"-"),"-"),"-") -> - | FI11: =IF(SUM(FC11,FE11)>0,SUM(FC11,FE11),"-") -> - | FN11: =IFERROR(IF(FO11>0,CALC!AV11/FO11,"-"),"-") -> - | FO11: =IF(FK11>0,IFERROR(IF(CALC!AU11>0,CALC!AU11-FK11,"-"),"-"),"-") -> - | FP11: =IF(SUM(FJ11,FL11)>0,SUM(FJ11,FL11),"-") -> - | FU11: =IFERROR(IF(FV11>0,CALC!AX11/FV11,"-"),"-") -> - | FV11: =IF(FR11>0,IFERROR(IF(CALC!AW11>0,CALC!AW11-FR11,"-"),"-"),"-") -> - | FW11: =IF(SUM(FQ11,FS11)>0,SUM(FQ11,FS11),"-") -> - | GB11: =IFERROR(IF(GC11>0,CALC!AZ11/GC11,"-"),"-") -> - | GC11: =IF(FY11>0,IFERROR(IF(CALC!AY11>0,CALC!AY11-FY11,"-"),"-"),"-") -> - | GD11: =IF(SUM(FX11,FZ11)>0,SUM(FX11,FZ11),"-") -> - | GI11: =IFERROR(IF(GJ11>0,CALC!BB11/GJ11,"-"),"-") -> - | GJ11: =IF(GF11>0,IFERROR(IF(CALC!BA11>0,CALC!BA11-GF11,"-"),"-"),"-") -> - | GK11: =IF(SUM(GE11,GG11)>0,SUM(GE11,GG11),"-") -> - | GP11: =IFERROR(IF(GQ11>0,CALC!BD11/GQ11,"-"),"-") -> - | GQ11: =IF(GM11>0,IFERROR(IF(CALC!BC11>0,CALC!BC11-GM11,"-"),"-"),"-") -> - | GR11: =IF(SUM(GL11,GN11)>0,SUM(GL11,GN11),"-") -> - | GW11: =IFERROR(IF(GX11>0,CALC!BF11/GX11,"-"),"-") -> - | GX11: =IF(GT11>0,IFERROR(IF(CALC!BE11>0,CALC!BE11-GT11,"-"),"-"),"-") -> - | GY11: =IF(SUM(GS11,GU11)>0,SUM(GS11,GU11),"-") -> - | HD11: =IFERROR(IF(HE11>0,CALC!BH11/HE11,"-"),"-") -> - | HE11: =IF(HA11>0,IFERROR(IF(CALC!BG11>0,CALC!BG11-HA11,"-"),"-"),"-") -> - | HF11: =IF(SUM(GZ11,HB11)>0,SUM(GZ11,HB11),"-") -> - | HK11: =IFERROR(IF(HL11>0,CALC!BJ11/HL11,"-"),"-") -> - | HL11: =IF(HH11>0,IFERROR(IF(CALC!BI11>0,CALC!BI11-HH11,"-"),"-"),"-") -> - | HM11: =IF(SUM(HG11,HI11)>0,SUM(HG11,HI11),"-") -> - | HN11: =SUM(K11,R11,Y11,AF11,AM11,AT11,BA11,BH11,BO11,BV11,CC11,CJ11,CQ11,CX11,DE11,DL11,DS11,DZ11,EG11,EN11,EU11,FB11,FI11,FP11,FW11,GD11,GK11,GR11,GY11,HF11,HM11) -> 0 | HO11: =SUM(J11,Q11,X11,AE11,AL11,AS11,AZ11,BG11,BN11,BU11,CB11,CI11,CP11,CW11,DD11,DK11,DR11,DY11,EF11,EM11,ET11,FA11,FH11,FO11,FV11,GC11,GJ11,GQ11,GX11,HE11,HL11) -> 0 | HP11: =IFERROR(HN11/HO11,"")
D12: LK 15 | E12: 0 | F12: 25554.4 | I12: =IFERROR(IF(J12>0,CALC!B12/J12,"-"),"-") -> 51.860465 | J12: =IF(F12>0,IFERROR(IF(CALC!A12>0,CALC!A12-F12,"-"),"-"),"-") -> 12.9 | K12: =IF(SUM(E12,G12)>0,SUM(E12,G12),"-") -> - | L12: 669 | M12: 25567.3 | P12: =IFERROR(IF(Q12>0,CALC!D12/Q12,"-"),"-") -> - | Q12: =IF(M12>0,IFERROR(IF(CALC!C12>0,CALC!C12-M12,"-"),"-"),"-") -> - | R12: =IF(SUM(L12,N12)>0,SUM(L12,N12),"-") -> 669 | S12: 0 | T12: 25567.3 | W12: =IFERROR(IF(X12>0,CALC!F12/X12,"-"),"-") -> 87.179487 | X12: =IF(T12>0,IFERROR(IF(CALC!E12>0,CALC!E12-T12,"-"),"-"),"-") -> 3.9 | Y12: =IF(SUM(S12,U12)>0,SUM(S12,U12),"-") -> - | Z12: 340 | AA12: 25571.2 | AD12: =IFERROR(IF(AE12>0,CALC!H12/AE12,"-"),"-") -> 44.710744 | AE12: =IF(AA12>0,IFERROR(IF(CALC!G12>0,CALC!G12-AA12,"-"),"-"),"-") -> 12.1 | AF12: =IF(SUM(Z12,AB12)>0,SUM(Z12,AB12),"-") -> 340 | AG12: 541 | AH12: 25583.3 | AK12: =IFERROR(IF(AL12>0,CALC!J12/AL12,"-"),"-") -> - | AL12: =IF(AH12>0,IFERROR(IF(CALC!I12>0,CALC!I12-AH12,"-"),"-"),"-") -> - | AM12: =IF(SUM(AG12,AI12)>0,SUM(AG12,AI12),"-") -> 541 | AR12: =IFERROR(IF(AS12>0,CALC!L12/AS12,"-"),"-") -> - | AS12: =IF(AO12>0,IFERROR(IF(CALC!K12>0,CALC!K12-AO12,"-"),"-"),"-") -> - | AT12: =IF(SUM(AN12,AP12)>0,SUM(AN12,AP12),"-") -> - | AY12: =IFERROR(IF(AZ12>0,CALC!N12/AZ12,"-"),"-") -> - | AZ12: =IF(AV12>0,IFERROR(IF(CALC!M12>0,CALC!M12-AV12,"-"),"-"),"-") -> - | BA12: =IF(SUM(AU12,AW12)>0,SUM(AU12,AW12),"-") -> - | BF12: =IFERROR(IF(BG12>0,CALC!P12/BG12,"-"),"-") -> - | BG12: =IF(BC12>0,IFERROR(IF(CALC!O12>0,CALC!O12-BC12,"-"),"-"),"-") -> - | BH12: =IF(SUM(BB12,BD12)>0,SUM(BB12,BD12),"-") -> - | BM12: =IFERROR(IF(BN12>0,CALC!R12/BN12,"-"),"-") -> - | BN12: - | BO12: =IF(SUM(BI12,BK12)>0,SUM(BI12,BK12),"-") -> - | BT12: =IFERROR(IF(BU12>0,CALC!T12/BU12,"-"),"-") -> - | BU12: =IF(BQ12>0,IFERROR(IF(CALC!S12>0,CALC!S12-BQ12,"-"),"-"),"-") -> - | BV12: =IF(SUM(BP12,BR12)>0,SUM(BP12,BR12),"-") -> - | CA12: =IFERROR(IF(CB12>0,CALC!V12/CB12,"-"),"-") -> - | CB12: =IF(BX12>0,IFERROR(IF(CALC!U12>0,CALC!U12-BX12,"-"),"-"),"-") -> - | CC12: =IF(SUM(BW12,BY12)>0,SUM(BW12,BY12),"-") -> - | CH12: =IFERROR(IF(CI12>0,CALC!X12/CI12,"-"),"-") -> - | CI12: =IF(CE12>0,IFERROR(IF(CALC!W12>0,CALC!W12-CE12,"-"),"-"),"-") -> - | CJ12: =IF(SUM(CD12,CF12)>0,SUM(CD12,CF12),"-") -> - | CO12: =IFERROR(IF(CP12>0,CALC!Z12/CP12,"-"),"-") -> - | CP12: =IF(CL12>0,IFERROR(IF(CALC!Y12>0,CALC!Y12-CL12,"-"),"-"),"-") -> - | CQ12: =IF(SUM(CK12,CM12)>0,SUM(CK12,CM12),"-") -> - | CV12: =IFERROR(IF(CW12>0,CALC!AB12/CW12,"-"),"-") -> - | CW12: =IF(CS12>0,IFERROR(IF(CALC!AA12>0,CALC!AA12-CS12,"-"),"-"),"-") -> - | CX12: =IF(SUM(CR12,CT12)>0,SUM(CR12,CT12),"-") -> - | DC12: =IFERROR(IF(DD12>0,CALC!AD12/DD12,"-"),"-") -> - | DD12: =IF(CZ12>0,IFERROR(IF(CALC!AC12>0,CALC!AC12-CZ12,"-"),"-"),"-") -> - | DE12: =IF(SUM(CY12,DA12)>0,SUM(CY12,DA12),"-") -> - | DJ12: =IFERROR(IF(DK12>0,CALC!AF12/DK12,"-"),"-") -> - | DK12: =IF(DG12>0,IFERROR(IF(CALC!AE12>0,CALC!AE12-DG12,"-"),"-"),"-") -> - | DL12: =IF(SUM(DF12,DH12)>0,SUM(DF12,DH12),"-") -> - | DQ12: =IFERROR(IF(DR12>0,CALC!AH12/DR12,"-"),"-") -> - | DR12: =IF(DN12>0,IFERROR(IF(CALC!AG12>0,CALC!AG12-DN12,"-"),"-"),"-") -> - | DS12: =IF(SUM(DM12,DO12)>0,SUM(DM12,DO12),"-") -> - | DX12: =IFERROR(IF(DY12>0,CALC!AJ12/DY12,"-"),"-") -> - | DY12: =IF(DU12>0,IFERROR(IF(CALC!AI12>0,CALC!AI12-DU12,"-"),"-"),"-") -> - | DZ12: =IF(SUM(DT12,DV12)>0,SUM(DT12,DV12),"-") -> - | EE12: =IFERROR(IF(EF12>0,CALC!AL12/EF12,"-"),"-") -> - | EF12: =IF(EB12>0,IFERROR(IF(CALC!AK12>0,CALC!AK12-EB12,"-"),"-"),"-") -> - | EG12: =IF(SUM(EA12,EC12)>0,SUM(EA12,EC12),"-") -> - | EL12: =IFERROR(IF(EM12>0,CALC!AN12/EM12,"-"),"-") -> - | EM12: =IF(EI12>0,IFERROR(IF(CALC!AM12>0,CALC!AM12-EI12,"-"),"-"),"-") -> - | EN12: =IF(SUM(EH12,EJ12)>0,SUM(EH12,EJ12),"-") -> - | ES12: =IFERROR(IF(ET12>0,CALC!AP12/ET12,"-"),"-") -> - | ET12: =IF(EP12>0,IFERROR(IF(CALC!AO12>0,CALC!AO12-EP12,"-"),"-"),"-") -> - | EU12: =IF(SUM(EO12,EQ12)>0,SUM(EO12,EQ12),"-") -> - | EZ12: =IFERROR(IF(FA12>0,CALC!AR12/FA12,"-"),"-") -> - | FA12: =IF(EW12>0,IFERROR(IF(CALC!AQ12>0,CALC!AQ12-EW12,"-"),"-"),"-") -> - | FB12: =IF(SUM(EV12,EX12)>0,SUM(EV12,EX12),"-") -> - | FG12: =IFERROR(IF(FH12>0,CALC!AT12/FH12,"-"),"-") -> - | FH12: =IF(FD12>0,IFERROR(IF(CALC!AS12>0,CALC!AS12-FD12,"-"),"-"),"-") -> - | FI12: =IF(SUM(FC12,FE12)>0,SUM(FC12,FE12),"-") -> - | FN12: =IFERROR(IF(FO12>0,CALC!AV12/FO12,"-"),"-") -> - | FO12: =IF(FK12>0,IFERROR(IF(CALC!AU12>0,CALC!AU12-FK12,"-"),"-"),"-") -> - | FP12: =IF(SUM(FJ12,FL12)>0,SUM(FJ12,FL12),"-") -> - | FU12: =IFERROR(IF(FV12>0,CALC!AX12/FV12,"-"),"-") -> - | FV12: =IF(FR12>0,IFERROR(IF(CALC!AW12>0,CALC!AW12-FR12,"-"),"-"),"-") -> - | FW12: =IF(SUM(FQ12,FS12)>0,SUM(FQ12,FS12),"-") -> - | GB12: =IFERROR(IF(GC12>0,CALC!AZ12/GC12,"-"),"-") -> - | GC12: =IF(FY12>0,IFERROR(IF(CALC!AY12>0,CALC!AY12-FY12,"-"),"-"),"-") -> - | GD12: =IF(SUM(FX12,FZ12)>0,SUM(FX12,FZ12),"-") -> - | GI12: =IFERROR(IF(GJ12>0,CALC!BB12/GJ12,"-"),"-") -> - | GJ12: =IF(GF12>0,IFERROR(IF(CALC!BA12>0,CALC!BA12-GF12,"-"),"-"),"-") -> - | GK12: =IF(SUM(GE12,GG12)>0,SUM(GE12,GG12),"-") -> - | GP12: =IFERROR(IF(GQ12>0,CALC!BD12/GQ12,"-"),"-") -> - | GQ12: =IF(GM12>0,IFERROR(IF(CALC!BC12>0,CALC!BC12-GM12,"-"),"-"),"-") -> - | GR12: =IF(SUM(GL12,GN12)>0,SUM(GL12,GN12),"-") -> - | GW12: =IFERROR(IF(GX12>0,CALC!BF12/GX12,"-"),"-") -> - | GX12: =IF(GT12>0,IFERROR(IF(CALC!BE12>0,CALC!BE12-GT12,"-"),"-"),"-") -> - | GY12: =IF(SUM(GS12,GU12)>0,SUM(GS12,GU12),"-") -> - | HD12: =IFERROR(IF(HE12>0,CALC!BH12/HE12,"-"),"-") -> - | HE12: =IF(HA12>0,IFERROR(IF(CALC!BG12>0,CALC!BG12-HA12,"-"),"-"),"-") -> - | HF12: =IF(SUM(GZ12,HB12)>0,SUM(GZ12,HB12),"-") -> - | HK12: =IFERROR(IF(HL12>0,CALC!BJ12/HL12,"-"),"-") -> - | HL12: =IF(HH12>0,IFERROR(IF(CALC!BI12>0,CALC!BI12-HH12,"-"),"-"),"-") -> - | HM12: =IF(SUM(HG12,HI12)>0,SUM(HG12,HI12),"-") -> - | HN12: =SUM(K12,R12,Y12,AF12,AM12,AT12,BA12,BH12,BO12,BV12,CC12,CJ12,CQ12,CX12,DE12,DL12,DS12,DZ12,EG12,EN12,EU12,FB12,FI12,FP12,FW12,GD12,GK12,GR12,GY12,HF12,HM12) -> 1550 | HO12: =SUM(J12,Q12,X12,AE12,AL12,AS12,AZ12,BG12,BN12,BU12,CB12,CI12,CP12,CW12,DD12,DK12,DR12,DY12,EF12,EM12,ET12,FA12,FH12,FO12,FV12,GC12,GJ12,GQ12,GX12,HE12,HL12) -> 28.9 | HP12: =IFERROR(HN12/HO12,"") -> 53.633218
HN13: =SUM(K13,R13,Y13,AF13,AM13,AT13,BA13,BH13,BO13,BV13,CC13,CJ13,CQ13,CX13,DE13,DL13,DS13,DZ13,EG13,EN13,EU13,FB13,FI13,FP13,FW13,GD13,GK13,GR13) -> 0 | HO13: =SUM(J13,Q13,X13,AE13,AL13,AS13,AZ13,BG13,BN13,BU13,CB13,CI13,CP13,CW13,DD13,DK13,DR13,DY13,EF13,EM13,ET13,FA13,FH13,FO13,FV13,GC13,GJ13,GQ13) -> 0 | HP13: =IFERROR(HN13/HO13,"")
C14: Alat Angkut | D14: DC 07 | I14: =IFERROR(IF(J14>0,CALC!B14/J14,"-"),"-") -> - | J14: =IF(F14>0,IFERROR(IF(CALC!A14>0,CALC!A14-F14,"-"),"-"),"-") -> - | K14: =IF(SUM(E14,G14)>0,SUM(E14,G14),"-") -> - | P14: =IFERROR(IF(Q14>0,CALC!D14/Q14,"-"),"-") -> - | Q14: =IF(M14>0,IFERROR(IF(CALC!C14>0,CALC!C14-M14,"-"),"-"),"-") -> - | R14: =IF(SUM(L14,N14)>0,SUM(L14,N14),"-") -> - | W14: =IFERROR(IF(X14>0,CALC!F14/X14,"-"),"-") -> - | X14: =IF(T14>0,IFERROR(IF(CALC!E14>0,CALC!E14-T14,"-"),"-"),"-") -> - | Y14: =IF(SUM(S14,U14)>0,SUM(S14,U14),"-") -> - | AD14: =IFERROR(IF(AE14>0,CALC!H14/AE14,"-"),"-") -> - | AE14: =IF(AA14>0,IFERROR(IF(CALC!G14>0,CALC!G14-AA14,"-"),"-"),"-") -> - | AF14: =IF(SUM(Z14,AB14)>0,SUM(Z14,AB14),"-") -> - | AK14: =IFERROR(IF(AL14>0,CALC!J14/AL14,"-"),"-") -> - | AL14: =IF(AH14>0,IFERROR(IF(CALC!I14>0,CALC!I14-AH14,"-"),"-"),"-") -> - | AM14: =IF(SUM(AG14,AI14)>0,SUM(AG14,AI14),"-") -> - | AR14: =IFERROR(IF(AS14>0,CALC!L14/AS14,"-"),"-") -> - | AS14: =IF(AO14>0,IFERROR(IF(CALC!K14>0,CALC!K14-AO14,"-"),"-"),"-") -> - | AT14: =IF(SUM(AN14,AP14)>0,SUM(AN14,AP14),"-") -> - | AY14: =IFERROR(IF(AZ14>0,CALC!N14/AZ14,"-"),"-") -> - | AZ14: =IF(AV14>0,IFERROR(IF(CALC!M14>0,CALC!M14-AV14,"-"),"-"),"-") -> - | BA14: =IF(SUM(AU14,AW14)>0,SUM(AU14,AW14),"-") -> - | BF14: =IFERROR(IF(BG14>0,CALC!P14/BG14,"-"),"-") -> - | BG14: =IF(BC14>0,IFERROR(IF(CALC!O14>0,CALC!O14-BC14,"-"),"-"),"-") -> - | BH14: =IF(SUM(BB14,BD14)>0,SUM(BB14,BD14),"-") -> - | BM14: =IFERROR(IF(BN14>0,CALC!R14/BN14,"-"),"-") -> - | BN14: =IF(BJ14>0,IFERROR(IF(CALC!Q14>0,CALC!Q14-BJ14,"-"),"-"),"-") -> - | BO14: =IF(SUM(BI14,BK14)>0,SUM(BI14,BK14),"-") -> - | BT14: =IFERROR(IF(BU14>0,CALC!T14/BU14,"-"),"-") -> - | BU14: =IF(BQ14>0,IFERROR(IF(CALC!S14>0,CALC!S14-BQ14,"-"),"-"),"-") -> - | BV14: =IF(SUM(BP14,BR14)>0,SUM(BP14,BR14),"-") -> - | CA14: =IFERROR(IF(CB14>0,CALC!V14/CB14,"-"),"-") -> - | CB14: =IF(BX14>0,IFERROR(IF(CALC!U14>0,CALC!U14-BX14,"-"),"-"),"-") -> - | CC14: =IF(SUM(BW14,BY14)>0,SUM(BW14,BY14),"-") -> - | CH14: =IFERROR(IF(CI14>0,CALC!X14/CI14,"-"),"-") -> - | CI14: =IF(CE14>0,IFERROR(IF(CALC!W14>0,CALC!W14-CE14,"-"),"-"),"-") -> - | CJ14: =IF(SUM(CD14,CF14)>0,SUM(CD14,CF14),"-") -> - | CO14: =IFERROR(IF(CP14>0,CALC!Z14/CP14,"-"),"-") -> - | CP14: =IF(CL14>0,IFERROR(IF(CALC!Y14>0,CALC!Y14-CL14,"-"),"-"),"-") -> - | CQ14: =IF(SUM(CK14,CM14)>0,SUM(CK14,CM14),"-") -> - | CV14: =IFERROR(IF(CW14>0,CALC!AB14/CW14,"-"),"-") -> - | CW14: =IF(CS14>0,IFERROR(IF(CALC!AA14>0,CALC!AA14-CS14,"-"),"-"),"-") -> - | CX14: =IF(SUM(CR14,CT14)>0,SUM(CR14,CT14),"-") -> - | DC14: =IFERROR(IF(DD14>0,CALC!AD14/DD14,"-"),"-") -> - | DD14: =IF(CZ14>0,IFERROR(IF(CALC!AC14>0,CALC!AC14-CZ14,"-"),"-"),"-") -> - | DE14: =IF(SUM(CY14,DA14)>0,SUM(CY14,DA14),"-") -> - | DJ14: =IFERROR(IF(DK14>0,CALC!AF14/DK14,"-"),"-") -> - | DK14: =IF(DG14>0,IFERROR(IF(CALC!AE14>0,CALC!AE14-DG14,"-"),"-"),"-") -> - | DL14: =IF(SUM(DF14,DH14)>0,SUM(DF14,DH14),"-") -> - | DQ14: =IFERROR(IF(DR14>0,CALC!AH14/DR14,"-"),"-") -> - | DR14: =IF(DN14>0,IFERROR(IF(CALC!AG14>0,CALC!AG14-DN14,"-"),"-"),"-") -> - | DS14: =IF(SUM(DM14,DO14)>0,SUM(DM14,DO14),"-") -> - | DX14: =IFERROR(IF(DY14>0,CALC!AJ14/DY14,"-"),"-") -> - | DY14: =IF(DU14>0,IFERROR(IF(CALC!AI14>0,CALC!AI14-DU14,"-"),"-"),"-") -> - | DZ14: =IF(SUM(DT14,DV14)>0,SUM(DT14,DV14),"-") -> - | EE14: =IFERROR(IF(EF14>0,CALC!AL14/EF14,"-"),"-") -> - | EF14: =IF(EB14>0,IFERROR(IF(CALC!AK14>0,CALC!AK14-EB14,"-"),"-"),"-") -> - | EG14: =IF(SUM(EA14,EC14)>0,SUM(EA14,EC14),"-") -> - | EL14: =IFERROR(IF(EM14>0,CALC!AN14/EM14,"-"),"-") -> - | EM14: =IF(EI14>0,IFERROR(IF(CALC!AM14>0,CALC!AM14-EI14,"-"),"-"),"-") -> - | EN14: =IF(SUM(EH14,EJ14)>0,SUM(EH14,EJ14),"-") -> - | ES14: =IFERROR(IF(ET14>0,CALC!AP14/ET14,"-"),"-") -> - | ET14: =IF(EP14>0,IFERROR(IF(CALC!AO14>0,CALC!AO14-EP14,"-"),"-"),"-") -> - | EU14: =IF(SUM(EO14,EQ14)>0,SUM(EO14,EQ14),"-") -> - | EZ14: =IFERROR(IF(FA14>0,CALC!AR14/FA14,"-"),"-") -> - | FA14: =IF(EW14>0,IFERROR(IF(CALC!AQ14>0,CALC!AQ14-EW14,"-"),"-"),"-") -> - | FB14: =IF(SUM(EV14,EX14)>0,SUM(EV14,EX14),"-") -> - | FG14: =IFERROR(IF(FH14>0,CALC!AT14/FH14,"-"),"-") -> - | FH14: =IF(FD14>0,IFERROR(IF(CALC!AS14>0,CALC!AS14-FD14,"-"),"-"),"-") -> - | FI14: =IF(SUM(FC14,FE14)>0,SUM(FC14,FE14),"-") -> - | FN14: =IFERROR(IF(FO14>0,CALC!AV14/FO14,"-"),"-") -> - | FO14: =IF(FK14>0,IFERROR(IF(CALC!AU14>0,CALC!AU14-FK14,"-"),"-"),"-") -> - | FP14: =IF(SUM(FJ14,FL14)>0,SUM(FJ14,FL14),"-") -> - | FU14: =IFERROR(IF(FV14>0,CALC!AX14/FV14,"-"),"-") -> - | FV14: =IF(FR14>0,IFERROR(IF(CALC!AW14>0,CALC!AW14-FR14,"-"),"-"),"-") -> - | FW14: =IF(SUM(FQ14,FS14)>0,SUM(FQ14,FS14),"-") -> - | GB14: =IFERROR(IF(GC14>0,CALC!AZ14/GC14,"-"),"-") -> - | GC14: =IF(FY14>0,IFERROR(IF(CALC!AY14>0,CALC!AY14-FY14,"-"),"-"),"-") -> - | GD14: =IF(SUM(FX14,FZ14)>0,SUM(FX14,FZ14),"-") -> - | GI14: =IFERROR(IF(GJ14>0,CALC!BB14/GJ14,"-"),"-") -> - | GJ14: =IF(GF14>0,IFERROR(IF(CALC!BA14>0,CALC!BA14-GF14,"-"),"-"),"-") -> - | GK14: =IF(SUM(GE14,GG14)>0,SUM(GE14,GG14),"-") -> - | GP14: =IFERROR(IF(GQ14>0,CALC!BD14/GQ14,"-"),"-") -> - | GQ14: =IF(GM14>0,IFERROR(IF(CALC!BC14>0,CALC!BC14-GM14,"-"),"-"),"-") -> - | GR14: =IF(SUM(GL14,GN14)>0,SUM(GL14,GN14),"-") -> - | GW14: =IFERROR(IF(GX14>0,CALC!BF14/GX14,"-"),"-") -> - | GX14: =IF(GT14>0,IFERROR(IF(CALC!BE14>0,CALC!BE14-GT14,"-"),"-"),"-") -> - | GY14: =IF(SUM(GS14,GU14)>0,SUM(GS14,GU14),"-") -> - | HD14: =IFERROR(IF(HE14>0,CALC!BH14/HE14,"-"),"-") -> - | HE14: =IF(HA14>0,IFERROR(IF(CALC!BG14>0,CALC!BG14-HA14,"-"),"-"),"-") -> - | HF14: =IF(SUM(GZ14,HB14)>0,SUM(GZ14,HB14),"-") -> - | HK14: =IFERROR(IF(HL14>0,CALC!BJ14/HL14,"-"),"-") -> - | HL14: =IF(HH14>0,IFERROR(IF(CALC!BI14>0,CALC!BI14-HH14,"-"),"-"),"-") -> - | HM14: =IF(SUM(HG14,HI14)>0,SUM(HG14,HI14),"-") -> - | HN14: =SUM(K14,R14,Y14,AF14,AM14,AT14,BA14,BH14,BO14,BV14,CC14,CJ14,CQ14,CX14,DE14,DL14,DS14,DZ14,EG14,EN14,EU14,FB14,FI14,FP14,FW14,GD14,GK14,GR14,GY14,HF14,HM14) -> 0 | HO14: =SUM(J14,Q14,X14,AE14,AL14,AS14,AZ14,BG14,BN14,BU14,CB14,CI14,CP14,CW14,DD14,DK14,DR14,DY14,EF14,EM14,ET14,FA14,FH14,FO14,FV14,GC14,GJ14,GQ14,GX14,HE14,HL14) -> 0 | HP14: =IFERROR(HN14/HO14,"")
D15: DC 08 | I15: =IFERROR(IF(J15>0,CALC!B15/J15,"-"),"-") -> - | J15: =IF(F15>0,IFERROR(IF(CALC!A15>0,CALC!A15-F15,"-"),"-"),"-") -> - | K15: =IF(SUM(E15,G15)>0,SUM(E15,G15),"-") -> - | P15: =IFERROR(IF(Q15>0,CALC!D15/Q15,"-"),"-") -> - | Q15: =IF(M15>0,IFERROR(IF(CALC!C15>0,CALC!C15-M15,"-"),"-"),"-") -> - | R15: =IF(SUM(L15,N15)>0,SUM(L15,N15),"-") -> - | W15: =IFERROR(IF(X15>0,CALC!F15/X15,"-"),"-") -> - | X15: =IF(T15>0,IFERROR(IF(CALC!E15>0,CALC!E15-T15,"-"),"-"),"-") -> - | Y15: =IF(SUM(S15,U15)>0,SUM(S15,U15),"-") -> - | AD15: =IFERROR(IF(AE15>0,CALC!H15/AE15,"-"),"-") -> - | AE15: =IF(AA15>0,IFERROR(IF(CALC!G15>0,CALC!G15-AA15,"-"),"-"),"-") -> - | AF15: =IF(SUM(Z15,AB15)>0,SUM(Z15,AB15),"-") -> - | AK15: =IFERROR(IF(AL15>0,CALC!J15/AL15,"-"),"-") -> - | AL15: =IF(AH15>0,IFERROR(IF(CALC!I15>0,CALC!I15-AH15,"-"),"-"),"-") -> - | AM15: =IF(SUM(AG15,AI15)>0,SUM(AG15,AI15),"-") -> - | AR15: =IFERROR(IF(AS15>0,CALC!L15/AS15,"-"),"-") -> - | AS15: =IF(AO15>0,IFERROR(IF(CALC!K15>0,CALC!K15-AO15,"-"),"-"),"-") -> - | AT15: =IF(SUM(AN15,AP15)>0,SUM(AN15,AP15),"-") -> - | AY15: =IFERROR(IF(AZ15>0,CALC!N15/AZ15,"-"),"-") -> - | AZ15: =IF(AV15>0,IFERROR(IF(CALC!M15>0,CALC!M15-AV15,"-"),"-"),"-") -> - | BA15: =IF(SUM(AU15,AW15)>0,SUM(AU15,AW15),"-") -> - | BF15: =IFERROR(IF(BG15>0,CALC!P15/BG15,"-"),"-") -> - | BG15: =IF(BC15>0,IFERROR(IF(CALC!O15>0,CALC!O15-BC15,"-"),"-"),"-") -> - | BH15: =IF(SUM(BB15,BD15)>0,SUM(BB15,BD15),"-") -> - | BM15: =IFERROR(IF(BN15>0,CALC!R15/BN15,"-"),"-") -> - | BN15: =IF(BJ15>0,IFERROR(IF(CALC!Q15>0,CALC!Q15-BJ15,"-"),"-"),"-") -> - | BO15: =IF(SUM(BI15,BK15)>0,SUM(BI15,BK15),"-") -> - | BT15: =IFERROR(IF(BU15>0,CALC!T15/BU15,"-"),"-") -> - | BU15: =IF(BQ15>0,IFERROR(IF(CALC!S15>0,CALC!S15-BQ15,"-"),"-"),"-") -> - | BV15: =IF(SUM(BP15,BR15)>0,SUM(BP15,BR15),"-") -> - | CA15: =IFERROR(IF(CB15>0,CALC!V15/CB15,"-"),"-") -> - | CB15: =IF(BX15>0,IFERROR(IF(CALC!U15>0,CALC!U15-BX15,"-"),"-"),"-") -> - | CC15: =IF(SUM(BW15,BY15)>0,SUM(BW15,BY15),"-") -> - | CH15: =IFERROR(IF(CI15>0,CALC!X15/CI15,"-"),"-") -> - | CI15: =IF(CE15>0,IFERROR(IF(CALC!W15>0,CALC!W15-CE15,"-"),"-"),"-") -> - | CJ15: =IF(SUM(CD15,CF15)>0,SUM(CD15,CF15),"-") -> - | CO15: =IFERROR(IF(CP15>0,CALC!Z15/CP15,"-"),"-") -> - | CP15: =IF(CL15>0,IFERROR(IF(CALC!Y15>0,CALC!Y15-CL15,"-"),"-"),"-") -> - | CQ15: =IF(SUM(CK15,CM15)>0,SUM(CK15,CM15),"-") -> - | CV15: =IFERROR(IF(CW15>0,CALC!AB15/CW15,"-"),"-") -> - | CW15: =IF(CS15>0,IFERROR(IF(CALC!AA15>0,CALC!AA15-CS15,"-"),"-"),"-") -> - | CX15: =IF(SUM(CR15,CT15)>0,SUM(CR15,CT15),"-") -> - | DC15: =IFERROR(IF(DD15>0,CALC!AD15/DD15,"-"),"-") -> - | DD15: =IF(CZ15>0,IFERROR(IF(CALC!AC15>0,CALC!AC15-CZ15,"-"),"-"),"-") -> - | DE15: =IF(SUM(CY15,DA15)>0,SUM(CY15,DA15),"-") -> - | DJ15: =IFERROR(IF(DK15>0,CALC!AF15/DK15,"-"),"-") -> - | DK15: =IF(DG15>0,IFERROR(IF(CALC!AE15>0,CALC!AE15-DG15,"-"),"-"),"-") -> - | DL15: =IF(SUM(DF15,DH15)>0,SUM(DF15,DH15),"-") -> - | DQ15: =IFERROR(IF(DR15>0,CALC!AH15/DR15,"-"),"-") -> - | DR15: =IF(DN15>0,IFERROR(IF(CALC!AG15>0,CALC!AG15-DN15,"-"),"-"),"-") -> - | DS15: =IF(SUM(DM15,DO15)>0,SUM(DM15,DO15),"-") -> - | DX15: =IFERROR(IF(DY15>0,CALC!AJ15/DY15,"-"),"-") -> - | DY15: =IF(DU15>0,IFERROR(IF(CALC!AI15>0,CALC!AI15-DU15,"-"),"-"),"-") -> - | DZ15: =IF(SUM(DT15,DV15)>0,SUM(DT15,DV15),"-") -> - | EE15: =IFERROR(IF(EF15>0,CALC!AL15/EF15,"-"),"-") -> - | EF15: =IF(EB15>0,IFERROR(IF(CALC!AK15>0,CALC!AK15-EB15,"-"),"-"),"-") -> - | EG15: =IF(SUM(EA15,EC15)>0,SUM(EA15,EC15),"-") -> - | EL15: =IFERROR(IF(EM15>0,CALC!AN15/EM15,"-"),"-") -> - | EM15: =IF(EI15>0,IFERROR(IF(CALC!AM15>0,CALC!AM15-EI15,"-"),"-"),"-") -> - | EN15: =IF(SUM(EH15,EJ15)>0,SUM(EH15,EJ15),"-") -> - | ES15: =IFERROR(IF(ET15>0,CALC!AP15/ET15,"-"),"-") -> - | ET15: =IF(EP15>0,IFERROR(IF(CALC!AO15>0,CALC!AO15-EP15,"-"),"-"),"-") -> - | EU15: =IF(SUM(EO15,EQ15)>0,SUM(EO15,EQ15),"-") -> - | EZ15: =IFERROR(IF(FA15>0,CALC!AR15/FA15,"-"),"-") -> - | FA15: =IF(EW15>0,IFERROR(IF(CALC!AQ15>0,CALC!AQ15-EW15,"-"),"-"),"-") -> - | FB15: =IF(SUM(EV15,EX15)>0,SUM(EV15,EX15),"-") -> - | FG15: =IFERROR(IF(FH15>0,CALC!AT15/FH15,"-"),"-") -> - | FH15: =IF(FD15>0,IFERROR(IF(CALC!AS15>0,CALC!AS15-FD15,"-"),"-"),"-") -> - | FI15: =IF(SUM(FC15,FE15)>0,SUM(FC15,FE15),"-") -> - | FN15: =IFERROR(IF(FO15>0,CALC!AV15/FO15,"-"),"-") -> - | FO15: =IF(FK15>0,IFERROR(IF(CALC!AU15>0,CALC!AU15-FK15,"-"),"-"),"-") -> - | FP15: =IF(SUM(FJ15,FL15)>0,SUM(FJ15,FL15),"-") -> - | FU15: =IFERROR(IF(FV15>0,CALC!AX15/FV15,"-"),"-") -> - | FV15: =IF(FR15>0,IFERROR(IF(CALC!AW15>0,CALC!AW15-FR15,"-"),"-"),"-") -> - | FW15: =IF(SUM(FQ15,FS15)>0,SUM(FQ15,FS15),"-") -> - | GB15: =IFERROR(IF(GC15>0,CALC!AZ15/GC15,"-"),"-") -> - | GC15: =IF(FY15>0,IFERROR(IF(CALC!AY15>0,CALC!AY15-FY15,"-"),"-"),"-") -> - | GD15: =IF(SUM(FX15,FZ15)>0,SUM(FX15,FZ15),"-") -> - | GI15: =IFERROR(IF(GJ15>0,CALC!BB15/GJ15,"-"),"-") -> - | GJ15: =IF(GF15>0,IFERROR(IF(CALC!BA15>0,CALC!BA15-GF15,"-"),"-"),"-") -> - | GK15: =IF(SUM(GE15,GG15)>0,SUM(GE15,GG15),"-") -> - | GP15: =IFERROR(IF(GQ15>0,CALC!BD15/GQ15,"-"),"-") -> - | GQ15: =IF(GM15>0,IFERROR(IF(CALC!BC15>0,CALC!BC15-GM15,"-"),"-"),"-") -> - | GR15: =IF(SUM(GL15,GN15)>0,SUM(GL15,GN15),"-") -> - | GW15: =IFERROR(IF(GX15>0,CALC!BF15/GX15,"-"),"-") -> - | GX15: =IF(GT15>0,IFERROR(IF(CALC!BE15>0,CALC!BE15-GT15,"-"),"-"),"-") -> - | GY15: =IF(SUM(GS15,GU15)>0,SUM(GS15,GU15),"-") -> - | HD15: =IFERROR(IF(HE15>0,CALC!BH15/HE15,"-"),"-") -> - | HE15: =IF(HA15>0,IFERROR(IF(CALC!BG15>0,CALC!BG15-HA15,"-"),"-"),"-") -> - | HF15: =IF(SUM(GZ15,HB15)>0,SUM(GZ15,HB15),"-") -> - | HK15: =IFERROR(IF(HL15>0,CALC!BJ15/HL15,"-"),"-") -> - | HL15: =IF(HH15>0,IFERROR(IF(CALC!BI15>0,CALC!BI15-HH15,"-"),"-"),"-") -> - | HM15: =IF(SUM(HG15,HI15)>0,SUM(HG15,HI15),"-") -> - | HN15: =SUM(K15,R15,Y15,AF15,AM15,AT15,BA15,BH15,BO15,BV15,CC15,CJ15,CQ15,CX15,DE15,DL15,DS15,DZ15,EG15,EN15,EU15,FB15,FI15,FP15,FW15,GD15,GK15,GR15,GY15,HF15,HM15) -> 0 | HO15: =SUM(J15,Q15,X15,AE15,AL15,AS15,AZ15,BG15,BN15,BU15,CB15,CI15,CP15,CW15,DD15,DK15,DR15,DY15,EF15,EM15,ET15,FA15,FH15,FO15,FV15,GC15,GJ15,GQ15,GX15,HE15,HL15) -> 0 | HP15: =IFERROR(HN15/HO15,"")
D16: DC 09 | I16: =IFERROR(IF(J16>0,CALC!B16/J16,"-"),"-") -> - | J16: =IF(F16>0,IFERROR(IF(CALC!A16>0,CALC!A16-F16,"-"),"-"),"-") -> - | K16: =IF(SUM(E16,G16)>0,SUM(E16,G16),"-") -> - | P16: =IFERROR(IF(Q16>0,CALC!D16/Q16,"-"),"-") -> - | Q16: =IF(M16>0,IFERROR(IF(CALC!C16>0,CALC!C16-M16,"-"),"-"),"-") -> - | R16: =IF(SUM(L16,N16)>0,SUM(L16,N16),"-") -> - | W16: =IFERROR(IF(X16>0,CALC!F16/X16,"-"),"-") -> - | X16: =IF(T16>0,IFERROR(IF(CALC!E16>0,CALC!E16-T16,"-"),"-"),"-") -> - | Y16: =IF(SUM(S16,U16)>0,SUM(S16,U16),"-") -> - | AD16: =IFERROR(IF(AE16>0,CALC!H16/AE16,"-"),"-") -> - | AE16: =IF(AA16>0,IFERROR(IF(CALC!G16>0,CALC!G16-AA16,"-"),"-"),"-") -> - | AF16: =IF(SUM(Z16,AB16)>0,SUM(Z16,AB16),"-") -> - | AK16: =IFERROR(IF(AL16>0,CALC!J16/AL16,"-"),"-") -> - | AL16: =IF(AH16>0,IFERROR(IF(CALC!I16>0,CALC!I16-AH16,"-"),"-"),"-") -> - | AM16: =IF(SUM(AG16,AI16)>0,SUM(AG16,AI16),"-") -> - | AR16: =IFERROR(IF(AS16>0,CALC!L16/AS16,"-"),"-") -> - | AS16: =IF(AO16>0,IFERROR(IF(CALC!K16>0,CALC!K16-AO16,"-"),"-"),"-") -> - | AT16: =IF(SUM(AN16,AP16)>0,SUM(AN16,AP16),"-") -> - | AY16: =IFERROR(IF(AZ16>0,CALC!N16/AZ16,"-"),"-") -> - | AZ16: =IF(AV16>0,IFERROR(IF(CALC!M16>0,CALC!M16-AV16,"-"),"-"),"-") -> - | BA16: =IF(SUM(AU16,AW16)>0,SUM(AU16,AW16),"-") -> - | BF16: =IFERROR(IF(BG16>0,CALC!P16/BG16,"-"),"-") -> - | BG16: =IF(BC16>0,IFERROR(IF(CALC!O16>0,CALC!O16-BC16,"-"),"-"),"-") -> - | BH16: =IF(SUM(BB16,BD16)>0,SUM(BB16,BD16),"-") -> - | BM16: =IFERROR(IF(BN16>0,CALC!R16/BN16,"-"),"-") -> - | BN16: =IF(BJ16>0,IFERROR(IF(CALC!Q16>0,CALC!Q16-BJ16,"-"),"-"),"-") -> - | BO16: =IF(SUM(BI16,BK16)>0,SUM(BI16,BK16),"-") -> - | BT16: =IFERROR(IF(BU16>0,CALC!T16/BU16,"-"),"-") -> - | BU16: =IF(BQ16>0,IFERROR(IF(CALC!S16>0,CALC!S16-BQ16,"-"),"-"),"-") -> - | BV16: =IF(SUM(BP16,BR16)>0,SUM(BP16,BR16),"-") -> - | CA16: =IFERROR(IF(CB16>0,CALC!V16/CB16,"-"),"-") -> - | CB16: =IF(BX16>0,IFERROR(IF(CALC!U16>0,CALC!U16-BX16,"-"),"-"),"-") -> - | CC16: =IF(SUM(BW16,BY16)>0,SUM(BW16,BY16),"-") -> - | CH16: =IFERROR(IF(CI16>0,CALC!X16/CI16,"-"),"-") -> - | CI16: =IF(CE16>0,IFERROR(IF(CALC!W16>0,CALC!W16-CE16,"-"),"-"),"-") -> - | CJ16: =IF(SUM(CD16,CF16)>0,SUM(CD16,CF16),"-") -> - | CO16: =IFERROR(IF(CP16>0,CALC!Z16/CP16,"-"),"-") -> - | CP16: =IF(CL16>0,IFERROR(IF(CALC!Y16>0,CALC!Y16-CL16,"-"),"-"),"-") -> - | CQ16: =IF(SUM(CK16,CM16)>0,SUM(CK16,CM16),"-") -> - | CV16: =IFERROR(IF(CW16>0,CALC!AB16/CW16,"-"),"-") -> - | CW16: =IF(CS16>0,IFERROR(IF(CALC!AA16>0,CALC!AA16-CS16,"-"),"-"),"-") -> - | CX16: =IF(SUM(CR16,CT16)>0,SUM(CR16,CT16),"-") -> - | DC16: =IFERROR(IF(DD16>0,CALC!AD16/DD16,"-"),"-") -> - | DD16: =IF(CZ16>0,IFERROR(IF(CALC!AC16>0,CALC!AC16-CZ16,"-"),"-"),"-") -> - | DE16: =IF(SUM(CY16,DA16)>0,SUM(CY16,DA16),"-") -> - | DJ16: =IFERROR(IF(DK16>0,CALC!AF16/DK16,"-"),"-") -> - | DK16: =IF(DG16>0,IFERROR(IF(CALC!AE16>0,CALC!AE16-DG16,"-"),"-"),"-") -> - | DL16: =IF(SUM(DF16,DH16)>0,SUM(DF16,DH16),"-") -> - | DQ16: =IFERROR(IF(DR16>0,CALC!AH16/DR16,"-"),"-") -> - | DR16: =IF(DN16>0,IFERROR(IF(CALC!AG16>0,CALC!AG16-DN16,"-"),"-"),"-") -> - | DS16: =IF(SUM(DM16,DO16)>0,SUM(DM16,DO16),"-") -> - | DX16: =IFERROR(IF(DY16>0,CALC!AJ16/DY16,"-"),"-") -> - | DY16: =IF(DU16>0,IFERROR(IF(CALC!AI16>0,CALC!AI16-DU16,"-"),"-"),"-") -> - | DZ16: =IF(SUM(DT16,DV16)>0,SUM(DT16,DV16),"-") -> - | EE16: =IFERROR(IF(EF16>0,CALC!AL16/EF16,"-"),"-") -> - | EF16: =IF(EB16>0,IFERROR(IF(CALC!AK16>0,CALC!AK16-EB16,"-"),"-"),"-") -> - | EG16: =IF(SUM(EA16,EC16)>0,SUM(EA16,EC16),"-") -> - | EL16: =IFERROR(IF(EM16>0,CALC!AN16/EM16,"-"),"-") -> - | EM16: =IF(EI16>0,IFERROR(IF(CALC!AM16>0,CALC!AM16-EI16,"-"),"-"),"-") -> - | EN16: =IF(SUM(EH16,EJ16)>0,SUM(EH16,EJ16),"-") -> - | ES16: =IFERROR(IF(ET16>0,CALC!AP16/ET16,"-"),"-") -> - | ET16: =IF(EP16>0,IFERROR(IF(CALC!AO16>0,CALC!AO16-EP16,"-"),"-"),"-") -> - | EU16: =IF(SUM(EO16,EQ16)>0,SUM(EO16,EQ16),"-") -> - | EZ16: =IFERROR(IF(FA16>0,CALC!AR16/FA16,"-"),"-") -> - | FA16: =IF(EW16>0,IFERROR(IF(CALC!AQ16>0,CALC!AQ16-EW16,"-"),"-"),"-") -> - | FB16: =IF(SUM(EV16,EX16)>0,SUM(EV16,EX16),"-") -> - | FG16: =IFERROR(IF(FH16>0,CALC!AT16/FH16,"-"),"-") -> - | FH16: =IF(FD16>0,IFERROR(IF(CALC!AS16>0,CALC!AS16-FD16,"-"),"-"),"-") -> - | FI16: =IF(SUM(FC16,FE16)>0,SUM(FC16,FE16),"-") -> - | FN16: =IFERROR(IF(FO16>0,CALC!AV16/FO16,"-"),"-") -> - | FO16: =IF(FK16>0,IFERROR(IF(CALC!AU16>0,CALC!AU16-FK16,"-"),"-"),"-") -> - | FP16: =IF(SUM(FJ16,FL16)>0,SUM(FJ16,FL16),"-") -> - | FU16: =IFERROR(IF(FV16>0,CALC!AX16/FV16,"-"),"-") -> - | FV16: =IF(FR16>0,IFERROR(IF(CALC!AW16>0,CALC!AW16-FR16,"-"),"-"),"-") -> - | FW16: =IF(SUM(FQ16,FS16)>0,SUM(FQ16,FS16),"-") -> - | GB16: =IFERROR(IF(GC16>0,CALC!AZ16/GC16,"-"),"-") -> - | GC16: =IF(FY16>0,IFERROR(IF(CALC!AY16>0,CALC!AY16-FY16,"-"),"-"),"-") -> - | GD16: =IF(SUM(FX16,FZ16)>0,SUM(FX16,FZ16),"-") -> - | GI16: =IFERROR(IF(GJ16>0,CALC!BB16/GJ16,"-"),"-") -> - | GJ16: =IF(GF16>0,IFERROR(IF(CALC!BA16>0,CALC!BA16-GF16,"-"),"-"),"-") -> - | GK16: =IF(SUM(GE16,GG16)>0,SUM(GE16,GG16),"-") -> - | GP16: =IFERROR(IF(GQ16>0,CALC!BD16/GQ16,"-"),"-") -> - | GQ16: =IF(GM16>0,IFERROR(IF(CALC!BC16>0,CALC!BC16-GM16,"-"),"-"),"-") -> - | GR16: =IF(SUM(GL16,GN16)>0,SUM(GL16,GN16),"-") -> - | GW16: =IFERROR(IF(GX16>0,CALC!BF16/GX16,"-"),"-") -> - | GX16: =IF(GT16>0,IFERROR(IF(CALC!BE16>0,CALC!BE16-GT16,"-"),"-"),"-") -> - | GY16: =IF(SUM(GS16,GU16)>0,SUM(GS16,GU16),"-") -> - | HD16: =IFERROR(IF(HE16>0,CALC!BH16/HE16,"-"),"-") -> - | HE16: =IF(HA16>0,IFERROR(IF(CALC!BG16>0,CALC!BG16-HA16,"-"),"-"),"-") -> - | HF16: =IF(SUM(GZ16,HB16)>0,SUM(GZ16,HB16),"-") -> - | HK16: =IFERROR(IF(HL16>0,CALC!BJ16/HL16,"-"),"-") -> - | HL16: =IF(HH16>0,IFERROR(IF(CALC!BI16>0,CALC!BI16-HH16,"-"),"-"),"-") -> - | HM16: =IF(SUM(HG16,HI16)>0,SUM(HG16,HI16),"-") -> - | HN16: =SUM(K16,R16,Y16,AF16,AM16,AT16,BA16,BH16,BO16,BV16,CC16,CJ16,CQ16,CX16,DE16,DL16,DS16,DZ16,EG16,EN16,EU16,FB16,FI16,FP16,FW16,GD16,GK16,GR16,GY16,HF16,HM16) -> 0 | HO16: =SUM(J16,Q16,X16,AE16,AL16,AS16,AZ16,BG16,BN16,BU16,CB16,CI16,CP16,CW16,DD16,DK16,DR16,DY16,EF16,EM16,ET16,FA16,FH16,FO16,FV16,GC16,GJ16,GQ16,GX16,HE16,HL16) -> 0 | HP16: =IFERROR(HN16/HO16,"")
D17: DC 10 | I17: =IFERROR(IF(J17>0,CALC!B17/J17,"-"),"-") -> - | J17: =IF(F17>0,IFERROR(IF(CALC!A17>0,CALC!A17-F17,"-"),"-"),"-") -> - | K17: =IF(SUM(E17,G17)>0,SUM(E17,G17),"-") -> - | P17: =IFERROR(IF(Q17>0,CALC!D17/Q17,"-"),"-") -> - | Q17: =IF(M17>0,IFERROR(IF(CALC!C17>0,CALC!C17-M17,"-"),"-"),"-") -> - | R17: =IF(SUM(L17,N17)>0,SUM(L17,N17),"-") -> - | W17: =IFERROR(IF(X17>0,CALC!F17/X17,"-"),"-") -> - | X17: =IF(T17>0,IFERROR(IF(CALC!E17>0,CALC!E17-T17,"-"),"-"),"-") -> - | Y17: =IF(SUM(S17,U17)>0,SUM(S17,U17),"-") -> - | AD17: =IFERROR(IF(AE17>0,CALC!H17/AE17,"-"),"-") -> - | AE17: =IF(AA17>0,IFERROR(IF(CALC!G17>0,CALC!G17-AA17,"-"),"-"),"-") -> - | AF17: =IF(SUM(Z17,AB17)>0,SUM(Z17,AB17),"-") -> - | AK17: =IFERROR(IF(AL17>0,CALC!J17/AL17,"-"),"-") -> - | AL17: =IF(AH17>0,IFERROR(IF(CALC!I17>0,CALC!I17-AH17,"-"),"-"),"-") -> - | AM17: =IF(SUM(AG17,AI17)>0,SUM(AG17,AI17),"-") -> - | AR17: =IFERROR(IF(AS17>0,CALC!L17/AS17,"-"),"-") -> - | AS17: =IF(AO17>0,IFERROR(IF(CALC!K17>0,CALC!K17-AO17,"-"),"-"),"-") -> - | AT17: =IF(SUM(AN17,AP17)>0,SUM(AN17,AP17),"-") -> - | AY17: =IFERROR(IF(AZ17>0,CALC!N17/AZ17,"-"),"-") -> - | AZ17: =IF(AV17>0,IFERROR(IF(CALC!M17>0,CALC!M17-AV17,"-"),"-"),"-") -> - | BA17: =IF(SUM(AU17,AW17)>0,SUM(AU17,AW17),"-") -> - | BF17: =IFERROR(IF(BG17>0,CALC!P17/BG17,"-"),"-") -> - | BG17: =IF(BC17>0,IFERROR(IF(CALC!O17>0,CALC!O17-BC17,"-"),"-"),"-") -> - | BH17: =IF(SUM(BB17,BD17)>0,SUM(BB17,BD17),"-") -> - | BM17: =IFERROR(IF(BN17>0,CALC!R17/BN17,"-"),"-") -> - | BN17: =IF(BJ17>0,IFERROR(IF(CALC!Q17>0,CALC!Q17-BJ17,"-"),"-"),"-") -> - | BO17: =IF(SUM(BI17,BK17)>0,SUM(BI17,BK17),"-") -> - | BT17: =IFERROR(IF(BU17>0,CALC!T17/BU17,"-"),"-") -> - | BU17: =IF(BQ17>0,IFERROR(IF(CALC!S17>0,CALC!S17-BQ17,"-"),"-"),"-") -> - | BV17: =IF(SUM(BP17,BR17)>0,SUM(BP17,BR17),"-") -> - | CA17: =IFERROR(IF(CB17>0,CALC!V17/CB17,"-"),"-") -> - | CB17: =IF(BX17>0,IFERROR(IF(CALC!U17>0,CALC!U17-BX17,"-"),"-"),"-") -> - | CC17: =IF(SUM(BW17,BY17)>0,SUM(BW17,BY17),"-") -> - | CH17: =IFERROR(IF(CI17>0,CALC!X17/CI17,"-"),"-") -> - | CI17: =IF(CE17>0,IFERROR(IF(CALC!W17>0,CALC!W17-CE17,"-"),"-"),"-") -> - | CJ17: =IF(SUM(CD17,CF17)>0,SUM(CD17,CF17),"-") -> - | CO17: =IFERROR(IF(CP17>0,CALC!Z17/CP17,"-"),"-") -> - | CP17: =IF(CL17>0,IFERROR(IF(CALC!Y17>0,CALC!Y17-CL17,"-"),"-"),"-") -> - | CQ17: =IF(SUM(CK17,CM17)>0,SUM(CK17,CM17),"-") -> - | CV17: =IFERROR(IF(CW17>0,CALC!AB17/CW17,"-"),"-") -> - | CW17: =IF(CS17>0,IFERROR(IF(CALC!AA17>0,CALC!AA17-CS17,"-"),"-"),"-") -> - | CX17: =IF(SUM(CR17,CT17)>0,SUM(CR17,CT17),"-") -> - | DC17: =IFERROR(IF(DD17>0,CALC!AD17/DD17,"-"),"-") -> - | DD17: =IF(CZ17>0,IFERROR(IF(CALC!AC17>0,CALC!AC17-CZ17,"-"),"-"),"-") -> - | DE17: =IF(SUM(CY17,DA17)>0,SUM(CY17,DA17),"-") -> - | DJ17: =IFERROR(IF(DK17>0,CALC!AF17/DK17,"-"),"-") -> - | DK17: =IF(DG17>0,IFERROR(IF(CALC!AE17>0,CALC!AE17-DG17,"-"),"-"),"-") -> - | DL17: =IF(SUM(DF17,DH17)>0,SUM(DF17,DH17),"-") -> - | DQ17: =IFERROR(IF(DR17>0,CALC!AH17/DR17,"-"),"-") -> - | DR17: =IF(DN17>0,IFERROR(IF(CALC!AG17>0,CALC!AG17-DN17,"-"),"-"),"-") -> - | DS17: =IF(SUM(DM17,DO17)>0,SUM(DM17,DO17),"-") -> - | DX17: =IFERROR(IF(DY17>0,CALC!AJ17/DY17,"-"),"-") -> - | DY17: =IF(DU17>0,IFERROR(IF(CALC!AI17>0,CALC!AI17-DU17,"-"),"-"),"-") -> - | DZ17: =IF(SUM(DT17,DV17)>0,SUM(DT17,DV17),"-") -> - | EE17: =IFERROR(IF(EF17>0,CALC!AL17/EF17,"-"),"-") -> - | EF17: =IF(EB17>0,IFERROR(IF(CALC!AK17>0,CALC!AK17-EB17,"-"),"-"),"-") -> - | EG17: =IF(SUM(EA17,EC17)>0,SUM(EA17,EC17),"-") -> - | EL17: =IFERROR(IF(EM17>0,CALC!AN17/EM17,"-"),"-") -> - | EM17: =IF(EI17>0,IFERROR(IF(CALC!AM17>0,CALC!AM17-EI17,"-"),"-"),"-") -> - | EN17: =IF(SUM(EH17,EJ17)>0,SUM(EH17,EJ17),"-") -> - | ES17: =IFERROR(IF(ET17>0,CALC!AP17/ET17,"-"),"-") -> - | ET17: =IF(EP17>0,IFERROR(IF(CALC!AO17>0,CALC!AO17-EP17,"-"),"-"),"-") -> - | EU17: =IF(SUM(EO17,EQ17)>0,SUM(EO17,EQ17),"-") -> - | EZ17: =IFERROR(IF(FA17>0,CALC!AR17/FA17,"-"),"-") -> - | FA17: =IF(EW17>0,IFERROR(IF(CALC!AQ17>0,CALC!AQ17-EW17,"-"),"-"),"-") -> - | FB17: =IF(SUM(EV17,EX17)>0,SUM(EV17,EX17),"-") -> - | FG17: =IFERROR(IF(FH17>0,CALC!AT17/FH17,"-"),"-") -> - | FH17: =IF(FD17>0,IFERROR(IF(CALC!AS17>0,CALC!AS17-FD17,"-"),"-"),"-") -> - | FI17: =IF(SUM(FC17,FE17)>0,SUM(FC17,FE17),"-") -> - | FN17: =IFERROR(IF(FO17>0,CALC!AV17/FO17,"-"),"-") -> - | FO17: =IF(FK17>0,IFERROR(IF(CALC!AU17>0,CALC!AU17-FK17,"-"),"-"),"-") -> - | FP17: =IF(SUM(FJ17,FL17)>0,SUM(FJ17,FL17),"-") -> - | FU17: =IFERROR(IF(FV17>0,CALC!AX17/FV17,"-"),"-") -> - | FV17: =IF(FR17>0,IFERROR(IF(CALC!AW17>0,CALC!AW17-FR17,"-"),"-"),"-") -> - | FW17: =IF(SUM(FQ17,FS17)>0,SUM(FQ17,FS17),"-") -> - | GB17: =IFERROR(IF(GC17>0,CALC!AZ17/GC17,"-"),"-") -> - | GC17: =IF(FY17>0,IFERROR(IF(CALC!AY17>0,CALC!AY17-FY17,"-"),"-"),"-") -> - | GD17: =IF(SUM(FX17,FZ17)>0,SUM(FX17,FZ17),"-") -> - | GI17: =IFERROR(IF(GJ17>0,CALC!BB17/GJ17,"-"),"-") -> - | GJ17: =IF(GF17>0,IFERROR(IF(CALC!BA17>0,CALC!BA17-GF17,"-"),"-"),"-") -> - | GK17: =IF(SUM(GE17,GG17)>0,SUM(GE17,GG17),"-") -> - | GP17: =IFERROR(IF(GQ17>0,CALC!BD17/GQ17,"-"),"-") -> - | GQ17: =IF(GM17>0,IFERROR(IF(CALC!BC17>0,CALC!BC17-GM17,"-"),"-"),"-") -> - | GR17: =IF(SUM(GL17,GN17)>0,SUM(GL17,GN17),"-") -> - | GW17: =IFERROR(IF(GX17>0,CALC!BF17/GX17,"-"),"-") -> - | GX17: =IF(GT17>0,IFERROR(IF(CALC!BE17>0,CALC!BE17-GT17,"-"),"-"),"-") -> - | GY17: =IF(SUM(GS17,GU17)>0,SUM(GS17,GU17),"-") -> - | HD17: =IFERROR(IF(HE17>0,CALC!BH17/HE17,"-"),"-") -> - | HE17: =IF(HA17>0,IFERROR(IF(CALC!BG17>0,CALC!BG17-HA17,"-"),"-"),"-") -> - | HF17: =IF(SUM(GZ17,HB17)>0,SUM(GZ17,HB17),"-") -> - | HK17: =IFERROR(IF(HL17>0,CALC!BJ17/HL17,"-"),"-") -> - | HL17: =IF(HH17>0,IFERROR(IF(CALC!BI17>0,CALC!BI17-HH17,"-"),"-"),"-") -> - | HM17: =IF(SUM(HG17,HI17)>0,SUM(HG17,HI17),"-") -> - | HN17: =SUM(K17,R17,Y17,AF17,AM17,AT17,BA17,BH17,BO17,BV17,CC17,CJ17,CQ17,CX17,DE17,DL17,DS17,DZ17,EG17,EN17,EU17,FB17,FI17,FP17,FW17,GD17,GK17,GR17,GY17,HF17,HM17) -> 0 | HO17: =SUM(J17,Q17,X17,AE17,AL17,AS17,AZ17,BG17,BN17,BU17,CB17,CI17,CP17,CW17,DD17,DK17,DR17,DY17,EF17,EM17,ET17,FA17,FH17,FO17,FV17,GC17,GJ17,GQ17,GX17,HE17,HL17) -> 0 | HP17: =IFERROR(HN17/HO17,"")
D18: DK 15 | I18: =IFERROR(IF(J18>0,CALC!B18/J18,"-"),"-") -> - | J18: =IF(F18>0,IFERROR(IF(CALC!A18>0,CALC!A18-F18,"-"),"-"),"-") -> - | K18: =IF(SUM(E18,G18)>0,SUM(E18,G18),"-") -> - | P18: =IFERROR(IF(Q18>0,CALC!D18/Q18,"-"),"-") -> - | Q18: =IF(M18>0,IFERROR(IF(CALC!C18>0,CALC!C18-M18,"-"),"-"),"-") -> - | R18: =IF(SUM(L18,N18)>0,SUM(L18,N18),"-") -> - | W18: =IFERROR(IF(X18>0,CALC!F18/X18,"-"),"-") -> - | X18: =IF(T18>0,IFERROR(IF(CALC!E18>0,CALC!E18-T18,"-"),"-"),"-") -> - | Y18: =IF(SUM(S18,U18)>0,SUM(S18,U18),"-") -> - | AD18: =IFERROR(IF(AE18>0,CALC!H18/AE18,"-"),"-") -> - | AE18: =IF(AA18>0,IFERROR(IF(CALC!G18>0,CALC!G18-AA18,"-"),"-"),"-") -> - | AF18: =IF(SUM(Z18,AB18)>0,SUM(Z18,AB18),"-") -> - | AK18: =IFERROR(IF(AL18>0,CALC!J18/AL18,"-"),"-") -> - | AL18: =IF(AH18>0,IFERROR(IF(CALC!I18>0,CALC!I18-AH18,"-"),"-"),"-") -> - | AM18: =IF(SUM(AG18,AI18)>0,SUM(AG18,AI18),"-") -> - | AR18: =IFERROR(IF(AS18>0,CALC!L18/AS18,"-"),"-") -> - | AS18: =IF(AO18>0,IFERROR(IF(CALC!K18>0,CALC!K18-AO18,"-"),"-"),"-") -> - | AT18: =IF(SUM(AN18,AP18)>0,SUM(AN18,AP18),"-") -> - | AY18: =IFERROR(IF(AZ18>0,CALC!N18/AZ18,"-"),"-") -> - | AZ18: =IF(AV18>0,IFERROR(IF(CALC!M18>0,CALC!M18-AV18,"-"),"-"),"-") -> - | BA18: =IF(SUM(AU18,AW18)>0,SUM(AU18,AW18),"-") -> - | BF18: =IFERROR(IF(BG18>0,CALC!P18/BG18,"-"),"-") -> - | BG18: =IF(BC18>0,IFERROR(IF(CALC!O18>0,CALC!O18-BC18,"-"),"-"),"-") -> - | BH18: =IF(SUM(BB18,BD18)>0,SUM(BB18,BD18),"-") -> - | BM18: =IFERROR(IF(BN18>0,CALC!R18/BN18,"-"),"-") -> - | BN18: =IF(BJ18>0,IFERROR(IF(CALC!Q18>0,CALC!Q18-BJ18,"-"),"-"),"-") -> - | BO18: =IF(SUM(BI18,BK18)>0,SUM(BI18,BK18),"-") -> - | BT18: =IFERROR(IF(BU18>0,CALC!T18/BU18,"-"),"-") -> - | BU18: =IF(BQ18>0,IFERROR(IF(CALC!S18>0,CALC!S18-BQ18,"-"),"-"),"-") -> - | BV18: =IF(SUM(BP18,BR18)>0,SUM(BP18,BR18),"-") -> - | CA18: =IFERROR(IF(CB18>0,CALC!V18/CB18,"-"),"-") -> - | CB18: =IF(BX18>0,IFERROR(IF(CALC!U18>0,CALC!U18-BX18,"-"),"-"),"-") -> - | CC18: =IF(SUM(BW18,BY18)>0,SUM(BW18,BY18),"-") -> - | CH18: =IFERROR(IF(CI18>0,CALC!X18/CI18,"-"),"-") -> - | CI18: =IF(CE18>0,IFERROR(IF(CALC!W18>0,CALC!W18-CE18,"-"),"-"),"-") -> - | CJ18: =IF(SUM(CD18,CF18)>0,SUM(CD18,CF18),"-") -> - | CO18: =IFERROR(IF(CP18>0,CALC!Z18/CP18,"-"),"-") -> - | CP18: =IF(CL18>0,IFERROR(IF(CALC!Y18>0,CALC!Y18-CL18,"-"),"-"),"-") -> - | CQ18: =IF(SUM(CK18,CM18)>0,SUM(CK18,CM18),"-") -> - | CV18: =IFERROR(IF(CW18>0,CALC!AB18/CW18,"-"),"-") -> - | CW18: =IF(CS18>0,IFERROR(IF(CALC!AA18>0,CALC!AA18-CS18,"-"),"-"),"-") -> - | CX18: =IF(SUM(CR18,CT18)>0,SUM(CR18,CT18),"-") -> - | DC18: =IFERROR(IF(DD18>0,CALC!AD18/DD18,"-"),"-") -> - | DD18: =IF(CZ18>0,IFERROR(IF(CALC!AC18>0,CALC!AC18-CZ18,"-"),"-"),"-") -> - | DE18: =IF(SUM(CY18,DA18)>0,SUM(CY18,DA18),"-") -> - | DJ18: =IFERROR(IF(DK18>0,CALC!AF18/DK18,"-"),"-") -> - | DK18: =IF(DG18>0,IFERROR(IF(CALC!AE18>0,CALC!AE18-DG18,"-"),"-"),"-") -> - | DL18: =IF(SUM(DF18,DH18)>0,SUM(DF18,DH18),"-") -> - | DQ18: =IFERROR(IF(DR18>0,CALC!AH18/DR18,"-"),"-") -> - | DR18: =IF(DN18>0,IFERROR(IF(CALC!AG18>0,CALC!AG18-DN18,"-"),"-"),"-") -> - | DS18: =IF(SUM(DM18,DO18)>0,SUM(DM18,DO18),"-") -> - | DX18: =IFERROR(IF(DY18>0,CALC!AJ18/DY18,"-"),"-") -> - | DY18: =IF(DU18>0,IFERROR(IF(CALC!AI18>0,CALC!AI18-DU18,"-"),"-"),"-") -> - | DZ18: =IF(SUM(DT18,DV18)>0,SUM(DT18,DV18),"-") -> - | EE18: =IFERROR(IF(EF18>0,CALC!AL18/EF18,"-"),"-") -> - | EF18: =IF(EB18>0,IFERROR(IF(CALC!AK18>0,CALC!AK18-EB18,"-"),"-"),"-") -> - | EG18: =IF(SUM(EA18,EC18)>0,SUM(EA18,EC18),"-") -> - | EL18: =IFERROR(IF(EM18>0,CALC!AN18/EM18,"-"),"-") -> - | EM18: =IF(EI18>0,IFERROR(IF(CALC!AM18>0,CALC!AM18-EI18,"-"),"-"),"-") -> - | EN18: =IF(SUM(EH18,EJ18)>0,SUM(EH18,EJ18),"-") -> - | ES18: =IFERROR(IF(ET18>0,CALC!AP18/ET18,"-"),"-") -> - | ET18: =IF(EP18>0,IFERROR(IF(CALC!AO18>0,CALC!AO18-EP18,"-"),"-"),"-") -> - | EU18: =IF(SUM(EO18,EQ18)>0,SUM(EO18,EQ18),"-") -> - | EZ18: =IFERROR(IF(FA18>0,CALC!AR18/FA18,"-"),"-") -> - | FA18: =IF(EW18>0,IFERROR(IF(CALC!AQ18>0,CALC!AQ18-EW18,"-"),"-"),"-") -> - | FB18: =IF(SUM(EV18,EX18)>0,SUM(EV18,EX18),"-") -> - | FG18: =IFERROR(IF(FH18>0,CALC!AT18/FH18,"-"),"-") -> - | FH18: =IF(FD18>0,IFERROR(IF(CALC!AS18>0,CALC!AS18-FD18,"-"),"-"),"-") -> - | FI18: =IF(SUM(FC18,FE18)>0,SUM(FC18,FE18),"-") -> - | FN18: =IFERROR(IF(FO18>0,CALC!AV18/FO18,"-"),"-") -> - | FO18: =IF(FK18>0,IFERROR(IF(CALC!AU18>0,CALC!AU18-FK18,"-"),"-"),"-") -> - | FP18: =IF(SUM(FJ18,FL18)>0,SUM(FJ18,FL18),"-") -> - | FU18: =IFERROR(IF(FV18>0,CALC!AX18/FV18,"-"),"-") -> - | FV18: =IF(FR18>0,IFERROR(IF(CALC!AW18>0,CALC!AW18-FR18,"-"),"-"),"-") -> - | FW18: =IF(SUM(FQ18,FS18)>0,SUM(FQ18,FS18),"-") -> - | GB18: =IFERROR(IF(GC18>0,CALC!AZ18/GC18,"-"),"-") -> - | GC18: =IF(FY18>0,IFERROR(IF(CALC!AY18>0,CALC!AY18-FY18,"-"),"-"),"-") -> - | GD18: =IF(SUM(FX18,FZ18)>0,SUM(FX18,FZ18),"-") -> - | GI18: =IFERROR(IF(GJ18>0,CALC!BB18/GJ18,"-"),"-") -> - | GJ18: =IF(GF18>0,IFERROR(IF(CALC!BA18>0,CALC!BA18-GF18,"-"),"-"),"-") -> - | GK18: =IF(SUM(GE18,GG18)>0,SUM(GE18,GG18),"-") -> - | GP18: =IFERROR(IF(GQ18>0,CALC!BD18/GQ18,"-"),"-") -> - | GQ18: =IF(GM18>0,IFERROR(IF(CALC!BC18>0,CALC!BC18-GM18,"-"),"-"),"-") -> - | GR18: =IF(SUM(GL18,GN18)>0,SUM(GL18,GN18),"-") -> - | GW18: =IFERROR(IF(GX18>0,CALC!BF18/GX18,"-"),"-") -> - | GX18: =IF(GT18>0,IFERROR(IF(CALC!BE18>0,CALC!BE18-GT18,"-"),"-"),"-") -> - | GY18: =IF(SUM(GS18,GU18)>0,SUM(GS18,GU18),"-") -> - | HD18: =IFERROR(IF(HE18>0,CALC!BH18/HE18,"-"),"-") -> - | HE18: =IF(HA18>0,IFERROR(IF(CALC!BG18>0,CALC!BG18-HA18,"-"),"-"),"-") -> - | HF18: =IF(SUM(GZ18,HB18)>0,SUM(GZ18,HB18),"-") -> - | HK18: =IFERROR(IF(HL18>0,CALC!BJ18/HL18,"-"),"-") -> - | HL18: =IF(HH18>0,IFERROR(IF(CALC!BI18>0,CALC!BI18-HH18,"-"),"-"),"-") -> - | HM18: =IF(SUM(HG18,HI18)>0,SUM(HG18,HI18),"-") -> - | HN18: =SUM(K18,R18,Y18,AF18,AM18,AT18,BA18,BH18,BO18,BV18,CC18,CJ18,CQ18,CX18,DE18,DL18,DS18,DZ18,EG18,EN18,EU18,FB18,FI18,FP18,FW18,GD18,GK18,GR18,GY18,HF18,HM18) -> 0 | HO18: =SUM(J18,Q18,X18,AE18,AL18,AS18,AZ18,BG18,BN18,BU18,CB18,CI18,CP18,CW18,DD18,DK18,DR18,DY18,EF18,EM18,ET18,FA18,FH18,FO18,FV18,GC18,GJ18,GQ18,GX18,HE18,HL18) -> 0 | HP18: =IFERROR(HN18/HO18,"")
D19: DK 16 | I19: =IFERROR(IF(J19>0,CALC!B19/J19,"-"),"-") -> - | J19: =IF(F19>0,IFERROR(IF(CALC!A19>0,CALC!A19-F19,"-"),"-"),"-") -> - | K19: =IF(SUM(E19,G19)>0,SUM(E19,G19),"-") -> - | P19: =IFERROR(IF(Q19>0,CALC!D19/Q19,"-"),"-") -> - | Q19: =IF(M19>0,IFERROR(IF(CALC!C19>0,CALC!C19-M19,"-"),"-"),"-") -> - | R19: =IF(SUM(L19,N19)>0,SUM(L19,N19),"-") -> - | W19: =IFERROR(IF(X19>0,CALC!F19/X19,"-"),"-") -> - | X19: =IF(T19>0,IFERROR(IF(CALC!E19>0,CALC!E19-T19,"-"),"-"),"-") -> - | Y19: =IF(SUM(S19,U19)>0,SUM(S19,U19),"-") -> - | AD19: =IFERROR(IF(AE19>0,CALC!H19/AE19,"-"),"-") -> - | AE19: =IF(AA19>0,IFERROR(IF(CALC!G19>0,CALC!G19-AA19,"-"),"-"),"-") -> - | AF19: =IF(SUM(Z19,AB19)>0,SUM(Z19,AB19),"-") -> - | AK19: =IFERROR(IF(AL19>0,CALC!J19/AL19,"-"),"-") -> - | AL19: =IF(AH19>0,IFERROR(IF(CALC!I19>0,CALC!I19-AH19,"-"),"-"),"-") -> - | AM19: =IF(SUM(AG19,AI19)>0,SUM(AG19,AI19),"-") -> - | AR19: =IFERROR(IF(AS19>0,CALC!L19/AS19,"-"),"-") -> - | AS19: =IF(AO19>0,IFERROR(IF(CALC!K19>0,CALC!K19-AO19,"-"),"-"),"-") -> - | AT19: =IF(SUM(AN19,AP19)>0,SUM(AN19,AP19),"-") -> - | AY19: =IFERROR(IF(AZ19>0,CALC!N19/AZ19,"-"),"-") -> - | AZ19: =IF(AV19>0,IFERROR(IF(CALC!M19>0,CALC!M19-AV19,"-"),"-"),"-") -> - | BA19: =IF(SUM(AU19,AW19)>0,SUM(AU19,AW19),"-") -> - | BF19: =IFERROR(IF(BG19>0,CALC!P19/BG19,"-"),"-") -> - | BG19: =IF(BC19>0,IFERROR(IF(CALC!O19>0,CALC!O19-BC19,"-"),"-"),"-") -> - | BH19: =IF(SUM(BB19,BD19)>0,SUM(BB19,BD19),"-") -> - | BM19: =IFERROR(IF(BN19>0,CALC!R19/BN19,"-"),"-") -> - | BN19: =IF(BJ19>0,IFERROR(IF(CALC!Q19>0,CALC!Q19-BJ19,"-"),"-"),"-") -> - | BO19: =IF(SUM(BI19,BK19)>0,SUM(BI19,BK19),"-") -> - | BT19: =IFERROR(IF(BU19>0,CALC!T19/BU19,"-"),"-") -> - | BU19: =IF(BQ19>0,IFERROR(IF(CALC!S19>0,CALC!S19-BQ19,"-"),"-"),"-") -> - | BV19: =IF(SUM(BP19,BR19)>0,SUM(BP19,BR19),"-") -> - | CA19: =IFERROR(IF(CB19>0,CALC!V19/CB19,"-"),"-") -> - | CB19: =IF(BX19>0,IFERROR(IF(CALC!U19>0,CALC!U19-BX19,"-"),"-"),"-") -> - | CC19: =IF(SUM(BW19,BY19)>0,SUM(BW19,BY19),"-") -> - | CH19: =IFERROR(IF(CI19>0,CALC!X19/CI19,"-"),"-") -> - | CI19: =IF(CE19>0,IFERROR(IF(CALC!W19>0,CALC!W19-CE19,"-"),"-"),"-") -> - | CJ19: =IF(SUM(CD19,CF19)>0,SUM(CD19,CF19),"-") -> - | CO19: =IFERROR(IF(CP19>0,CALC!Z19/CP19,"-"),"-") -> - | CP19: =IF(CL19>0,IFERROR(IF(CALC!Y19>0,CALC!Y19-CL19,"-"),"-"),"-") -> - | CQ19: =IF(SUM(CK19,CM19)>0,SUM(CK19,CM19),"-") -> - | CV19: =IFERROR(IF(CW19>0,CALC!AB19/CW19,"-"),"-") -> - | CW19: =IF(CS19>0,IFERROR(IF(CALC!AA19>0,CALC!AA19-CS19,"-"),"-"),"-") -> - | CX19: =IF(SUM(CR19,CT19)>0,SUM(CR19,CT19),"-") -> - | DC19: =IFERROR(IF(DD19>0,CALC!AD19/DD19,"-"),"-") -> - | DD19: =IF(CZ19>0,IFERROR(IF(CALC!AC19>0,CALC!AC19-CZ19,"-"),"-"),"-") -> - | DE19: =IF(SUM(CY19,DA19)>0,SUM(CY19,DA19),"-") -> - | DJ19: =IFERROR(IF(DK19>0,CALC!AF19/DK19,"-"),"-") -> - | DK19: =IF(DG19>0,IFERROR(IF(CALC!AE19>0,CALC!AE19-DG19,"-"),"-"),"-") -> - | DL19: =IF(SUM(DF19,DH19)>0,SUM(DF19,DH19),"-") -> - | DQ19: =IFERROR(IF(DR19>0,CALC!AH19/DR19,"-"),"-") -> - | DR19: =IF(DN19>0,IFERROR(IF(CALC!AG19>0,CALC!AG19-DN19,"-"),"-"),"-") -> - | DS19: =IF(SUM(DM19,DO19)>0,SUM(DM19,DO19),"-") -> - | DX19: =IFERROR(IF(DY19>0,CALC!AJ19/DY19,"-"),"-") -> - | DY19: =IF(DU19>0,IFERROR(IF(CALC!AI19>0,CALC!AI19-DU19,"-"),"-"),"-") -> - | DZ19: =IF(SUM(DT19,DV19)>0,SUM(DT19,DV19),"-") -> - | EE19: =IFERROR(IF(EF19>0,CALC!AL19/EF19,"-"),"-") -> - | EF19: =IF(EB19>0,IFERROR(IF(CALC!AK19>0,CALC!AK19-EB19,"-"),"-"),"-") -> - | EG19: =IF(SUM(EA19,EC19)>0,SUM(EA19,EC19),"-") -> - | EL19: =IFERROR(IF(EM19>0,CALC!AN19/EM19,"-"),"-") -> - | EM19: =IF(EI19>0,IFERROR(IF(CALC!AM19>0,CALC!AM19-EI19,"-"),"-"),"-") -> - | EN19: =IF(SUM(EH19,EJ19)>0,SUM(EH19,EJ19),"-") -> - | ES19: =IFERROR(IF(ET19>0,CALC!AP19/ET19,"-"),"-") -> - | ET19: =IF(EP19>0,IFERROR(IF(CALC!AO19>0,CALC!AO19-EP19,"-"),"-"),"-") -> - | EU19: =IF(SUM(EO19,EQ19)>0,SUM(EO19,EQ19),"-") -> - | EZ19: =IFERROR(IF(FA19>0,CALC!AR19/FA19,"-"),"-") -> - | FA19: =IF(EW19>0,IFERROR(IF(CALC!AQ19>0,CALC!AQ19-EW19,"-"),"-"),"-") -> - | FB19: =IF(SUM(EV19,EX19)>0,SUM(EV19,EX19),"-") -> - | FG19: =IFERROR(IF(FH19>0,CALC!AT19/FH19,"-"),"-") -> - | FH19: =IF(FD19>0,IFERROR(IF(CALC!AS19>0,CALC!AS19-FD19,"-"),"-"),"-") -> - | FI19: =IF(SUM(FC19,FE19)>0,SUM(FC19,FE19),"-") -> - | FN19: =IFERROR(IF(FO19>0,CALC!AV19/FO19,"-"),"-") -> - | FO19: =IF(FK19>0,IFERROR(IF(CALC!AU19>0,CALC!AU19-FK19,"-"),"-"),"-") -> - | FP19: =IF(SUM(FJ19,FL19)>0,SUM(FJ19,FL19),"-") -> - | FU19: =IFERROR(IF(FV19>0,CALC!AX19/FV19,"-"),"-") -> - | FV19: =IF(FR19>0,IFERROR(IF(CALC!AW19>0,CALC!AW19-FR19,"-"),"-"),"-") -> - | FW19: =IF(SUM(FQ19,FS19)>0,SUM(FQ19,FS19),"-") -> - | GB19: =IFERROR(IF(GC19>0,CALC!AZ19/GC19,"-"),"-") -> - | GC19: =IF(FY19>0,IFERROR(IF(CALC!AY19>0,CALC!AY19-FY19,"-"),"-"),"-") -> - | GD19: =IF(SUM(FX19,FZ19)>0,SUM(FX19,FZ19),"-") -> - | GI19: =IFERROR(IF(GJ19>0,CALC!BB19/GJ19,"-"),"-") -> - | GJ19: =IF(GF19>0,IFERROR(IF(CALC!BA19>0,CALC!BA19-GF19,"-"),"-"),"-") -> - | GK19: =IF(SUM(GE19,GG19)>0,SUM(GE19,GG19),"-") -> - | GP19: =IFERROR(IF(GQ19>0,CALC!BD19/GQ19,"-"),"-") -> - | GQ19: =IF(GM19>0,IFERROR(IF(CALC!BC19>0,CALC!BC19-GM19,"-"),"-"),"-") -> - | GR19: =IF(SUM(GL19,GN19)>0,SUM(GL19,GN19),"-") -> - | GW19: =IFERROR(IF(GX19>0,CALC!BF19/GX19,"-"),"-") -> - | GX19: =IF(GT19>0,IFERROR(IF(CALC!BE19>0,CALC!BE19-GT19,"-"),"-"),"-") -> - | GY19: =IF(SUM(GS19,GU19)>0,SUM(GS19,GU19),"-") -> - | HD19: =IFERROR(IF(HE19>0,CALC!BH19/HE19,"-"),"-") -> - | HE19: =IF(HA19>0,IFERROR(IF(CALC!BG19>0,CALC!BG19-HA19,"-"),"-"),"-") -> - | HF19: =IF(SUM(GZ19,HB19)>0,SUM(GZ19,HB19),"-") -> - | HK19: =IFERROR(IF(HL19>0,CALC!BJ19/HL19,"-"),"-") -> - | HL19: =IF(HH19>0,IFERROR(IF(CALC!BI19>0,CALC!BI19-HH19,"-"),"-"),"-") -> - | HM19: =IF(SUM(HG19,HI19)>0,SUM(HG19,HI19),"-") -> - | HN19: =SUM(K19,R19,Y19,AF19,AM19,AT19,BA19,BH19,BO19,BV19,CC19,CJ19,CQ19,CX19,DE19,DL19,DS19,DZ19,EG19,EN19,EU19,FB19,FI19,FP19,FW19,GD19,GK19,GR19,GY19,HF19,HM19) -> 0 | HO19: =SUM(J19,Q19,X19,AE19,AL19,AS19,AZ19,BG19,BN19,BU19,CB19,CI19,CP19,CW19,DD19,DK19,DR19,DY19,EF19,EM19,ET19,FA19,FH19,FO19,FV19,GC19,GJ19,GQ19,GX19,HE19,HL19) -> 0 | HP19: =IFERROR(HN19/HO19,"")
D20: DK 17 | E20: 500 | F20: 62001.9 | I20: =IFERROR(IF(J20>0,CALC!B20/J20,"-"),"-") -> 17.54386 | J20: =IF(F20>0,IFERROR(IF(CALC!A20>0,CALC!A20-F20,"-"),"-"),"-") -> 17.1 | K20: =IF(SUM(E20,G20)>0,SUM(E20,G20),"-") -> 500 | L20: 300 | M20: 62019 | P20: =IFERROR(IF(Q20>0,CALC!D20/Q20,"-"),"-") -> 22.435897 | Q20: =IF(M20>0,IFERROR(IF(CALC!C20>0,CALC!C20-M20,"-"),"-"),"-") -> 15.6 | R20: =IF(SUM(L20,N20)>0,SUM(L20,N20),"-") -> 300 | S20: 350 | T20: 62034.6 | W20: =IFERROR(IF(X20>0,CALC!F20/X20,"-"),"-") -> - | X20: =IF(T20>0,IFERROR(IF(CALC!E20>0,CALC!E20-T20,"-"),"-"),"-") -> - | Y20: =IF(SUM(S20,U20)>0,SUM(S20,U20),"-") -> 350 | Z20: 0 | AA20: 62034.6 | AD20: =IFERROR(IF(AE20>0,CALC!H20/AE20,"-"),"-") -> - | AE20: =IF(AA20>0,IFERROR(IF(CALC!G20>0,CALC!G20-AA20,"-"),"-"),"-") -> - | AF20: =IF(SUM(Z20,AB20)>0,SUM(Z20,AB20),"-") -> - | AG20: 0 | AH20: 62034.6 | AK20: =IFERROR(IF(AL20>0,CALC!J20/AL20,"-"),"-") -> - | AL20: =IF(AH20>0,IFERROR(IF(CALC!I20>0,CALC!I20-AH20,"-"),"-"),"-") -> - | AM20: =IF(SUM(AG20,AI20)>0,SUM(AG20,AI20),"-") -> - | AR20: =IFERROR(IF(AS20>0,CALC!L20/AS20,"-"),"-") -> - | AS20: =IF(AO20>0,IFERROR(IF(CALC!K20>0,CALC!K20-AO20,"-"),"-"),"-") -> - | AT20: =IF(SUM(AN20,AP20)>0,SUM(AN20,AP20),"-") -> - | AY20: =IFERROR(IF(AZ20>0,CALC!N20/AZ20,"-"),"-") -> - | AZ20: =IF(AV20>0,IFERROR(IF(CALC!M20>0,CALC!M20-AV20,"-"),"-"),"-") -> - | BA20: =IF(SUM(AU20,AW20)>0,SUM(AU20,AW20),"-") -> - | BF20: =IFERROR(IF(BG20>0,CALC!P20/BG20,"-"),"-") -> - | BG20: =IF(BC20>0,IFERROR(IF(CALC!O20>0,CALC!O20-BC20,"-"),"-"),"-") -> - | BH20: =IF(SUM(BB20,BD20)>0,SUM(BB20,BD20),"-") -> - | BM20: =IFERROR(IF(BN20>0,CALC!R20/BN20,"-"),"-") -> - | BN20: =IF(BJ20>0,IFERROR(IF(CALC!Q20>0,CALC!Q20-BJ20,"-"),"-"),"-") -> - | BO20: =IF(SUM(BI20,BK20)>0,SUM(BI20,BK20),"-") -> - | BT20: =IFERROR(IF(BU20>0,CALC!T20/BU20,"-"),"-") -> - | BU20: =IF(BQ20>0,IFERROR(IF(CALC!S20>0,CALC!S20-BQ20,"-"),"-"),"-") -> - | BV20: =IF(SUM(BP20,BR20)>0,SUM(BP20,BR20),"-") -> - | CA20: =IFERROR(IF(CB20>0,CALC!V20/CB20,"-"),"-") -> - | CB20: =IF(BX20>0,IFERROR(IF(CALC!U20>0,CALC!U20-BX20,"-"),"-"),"-") -> - | CC20: =IF(SUM(BW20,BY20)>0,SUM(BW20,BY20),"-") -> - | CH20: =IFERROR(IF(CI20>0,CALC!X20/CI20,"-"),"-") -> - | CI20: =IF(CE20>0,IFERROR(IF(CALC!W20>0,CALC!W20-CE20,"-"),"-"),"-") -> - | CJ20: =IF(SUM(CD20,CF20)>0,SUM(CD20,CF20),"-") -> - | CO20: =IFERROR(IF(CP20>0,CALC!Z20/CP20,"-"),"-") -> - | CP20: =IF(CL20>0,IFERROR(IF(CALC!Y20>0,CALC!Y20-CL20,"-"),"-"),"-") -> - | CQ20: =IF(SUM(CK20,CM20)>0,SUM(CK20,CM20),"-") -> - | CV20: =IFERROR(IF(CW20>0,CALC!AB20/CW20,"-"),"-") -> - | CW20: =IF(CS20>0,IFERROR(IF(CALC!AA20>0,CALC!AA20-CS20,"-"),"-"),"-") -> - | CX20: =IF(SUM(CR20,CT20)>0,SUM(CR20,CT20),"-") -> - | DC20: =IFERROR(IF(DD20>0,CALC!AD20/DD20,"-"),"-") -> - | DD20: =IF(CZ20>0,IFERROR(IF(CALC!AC20>0,CALC!AC20-CZ20,"-"),"-"),"-") -> - | DE20: =IF(SUM(CY20,DA20)>0,SUM(CY20,DA20),"-") -> - | DJ20: =IFERROR(IF(DK20>0,CALC!AF20/DK20,"-"),"-") -> - | DK20: =IF(DG20>0,IFERROR(IF(CALC!AE20>0,CALC!AE20-DG20,"-"),"-"),"-") -> - | DL20: =IF(SUM(DF20,DH20)>0,SUM(DF20,DH20),"-") -> - | DQ20: =IFERROR(IF(DR20>0,CALC!AH20/DR20,"-"),"-") -> - | DR20: =IF(DN20>0,IFERROR(IF(CALC!AG20>0,CALC!AG20-DN20,"-"),"-"),"-") -> - | DS20: =IF(SUM(DM20,DO20)>0,SUM(DM20,DO20),"-") -> - | DX20: =IFERROR(IF(DY20>0,CALC!AJ20/DY20,"-"),"-") -> - | DY20: =IF(DU20>0,IFERROR(IF(CALC!AI20>0,CALC!AI20-DU20,"-"),"-"),"-") -> - | DZ20: =IF(SUM(DT20,DV20)>0,SUM(DT20,DV20),"-") -> - | EE20: =IFERROR(IF(EF20>0,CALC!AL20/EF20,"-"),"-") -> - | EF20: =IF(EB20>0,IFERROR(IF(CALC!AK20>0,CALC!AK20-EB20,"-"),"-"),"-") -> - | EG20: =IF(SUM(EA20,EC20)>0,SUM(EA20,EC20),"-") -> - | EL20: =IFERROR(IF(EM20>0,CALC!AN20/EM20,"-"),"-") -> - | EM20: =IF(EI20>0,IFERROR(IF(CALC!AM20>0,CALC!AM20-EI20,"-"),"-"),"-") -> - | EN20: =IF(SUM(EH20,EJ20)>0,SUM(EH20,EJ20),"-") -> - | ES20: =IFERROR(IF(ET20>0,CALC!AP20/ET20,"-"),"-") -> - | ET20: =IF(EP20>0,IFERROR(IF(CALC!AO20>0,CALC!AO20-EP20,"-"),"-"),"-") -> - | EU20: =IF(SUM(EO20,EQ20)>0,SUM(EO20,EQ20),"-") -> - | EZ20: =IFERROR(IF(FA20>0,CALC!AR20/FA20,"-"),"-") -> - | FA20: =IF(EW20>0,IFERROR(IF(CALC!AQ20>0,CALC!AQ20-EW20,"-"),"-"),"-") -> - | FB20: =IF(SUM(EV20,EX20)>0,SUM(EV20,EX20),"-") -> - | FG20: =IFERROR(IF(FH20>0,CALC!AT20/FH20,"-"),"-") -> - | FH20: =IF(FD20>0,IFERROR(IF(CALC!AS20>0,CALC!AS20-FD20,"-"),"-"),"-") -> - | FI20: =IF(SUM(FC20,FE20)>0,SUM(FC20,FE20),"-") -> - | FN20: =IFERROR(IF(FO20>0,CALC!AV20/FO20,"-"),"-") -> - | FO20: =IF(FK20>0,IFERROR(IF(CALC!AU20>0,CALC!AU20-FK20,"-"),"-"),"-") -> - | FP20: =IF(SUM(FJ20,FL20)>0,SUM(FJ20,FL20),"-") -> - | FU20: =IFERROR(IF(FV20>0,CALC!AX20/FV20,"-"),"-") -> - | FV20: =IF(FR20>0,IFERROR(IF(CALC!AW20>0,CALC!AW20-FR20,"-"),"-"),"-") -> - | FW20: =IF(SUM(FQ20,FS20)>0,SUM(FQ20,FS20),"-") -> - | GB20: =IFERROR(IF(GC20>0,CALC!AZ20/GC20,"-"),"-") -> - | GC20: =IF(FY20>0,IFERROR(IF(CALC!AY20>0,CALC!AY20-FY20,"-"),"-"),"-") -> - | GD20: =IF(SUM(FX20,FZ20)>0,SUM(FX20,FZ20),"-") -> - | GI20: =IFERROR(IF(GJ20>0,CALC!BB20/GJ20,"-"),"-") -> - | GJ20: =IF(GF20>0,IFERROR(IF(CALC!BA20>0,CALC!BA20-GF20,"-"),"-"),"-") -> - | GK20: =IF(SUM(GE20,GG20)>0,SUM(GE20,GG20),"-") -> - | GP20: =IFERROR(IF(GQ20>0,CALC!BD20/GQ20,"-"),"-") -> - | GQ20: =IF(GM20>0,IFERROR(IF(CALC!BC20>0,CALC!BC20-GM20,"-"),"-"),"-") -> - | GR20: =IF(SUM(GL20,GN20)>0,SUM(GL20,GN20),"-") -> - | GW20: =IFERROR(IF(GX20>0,CALC!BF20/GX20,"-"),"-") -> - | GX20: =IF(GT20>0,IFERROR(IF(CALC!BE20>0,CALC!BE20-GT20,"-"),"-"),"-") -> - | GY20: =IF(SUM(GS20,GU20)>0,SUM(GS20,GU20),"-") -> - | HD20: =IFERROR(IF(HE20>0,CALC!BH20/HE20,"-"),"-") -> - | HE20: =IF(HA20>0,IFERROR(IF(CALC!BG20>0,CALC!BG20-HA20,"-"),"-"),"-") -> - | HF20: =IF(SUM(GZ20,HB20)>0,SUM(GZ20,HB20),"-") -> - | HK20: =IFERROR(IF(HL20>0,CALC!BJ20/HL20,"-"),"-") -> - | HL20: =IF(HH20>0,IFERROR(IF(CALC!BI20>0,CALC!BI20-HH20,"-"),"-"),"-") -> - | HM20: =IF(SUM(HG20,HI20)>0,SUM(HG20,HI20),"-") -> - | HN20: =SUM(K20,R20,Y20,AF20,AM20,AT20,BA20,BH20,BO20,BV20,CC20,CJ20,CQ20,CX20,DE20,DL20,DS20,DZ20,EG20,EN20,EU20,FB20,FI20,FP20,FW20,GD20,GK20,GR20,GY20,HF20,HM20) -> 1150 | HO20: =SUM(J20,Q20,X20,AE20,AL20,AS20,AZ20,BG20,BN20,BU20,CB20,CI20,CP20,CW20,DD20,DK20,DR20,DY20,EF20,EM20,ET20,FA20,FH20,FO20,FV20,GC20,GJ20,GQ20,GX20,HE20,HL20) -> 32.7 | HP20: =IFERROR(HN20/HO20,"") -> 35.168196
D21: DK 18 | E21: 400 | F21: 61345.7 | I21: =IFERROR(IF(J21>0,CALC!B21/J21,"-"),"-") -> 17.34104 | J21: =IF(F21>0,IFERROR(IF(CALC!A21>0,CALC!A21-F21,"-"),"-"),"-") -> 17.3 | K21: =IF(SUM(E21,G21)>0,SUM(E21,G21),"-") -> 400 | L21: 300 | M21: 61363 | P21: =IFERROR(IF(Q21>0,CALC!D21/Q21,"-"),"-") -> 14.285714 | Q21: =IF(M21>0,IFERROR(IF(CALC!C21>0,CALC!C21-M21,"-"),"-"),"-") -> 14 | R21: =IF(SUM(L21,N21)>0,SUM(L21,N21),"-") -> 300 | S21: 200 | T21: 61377 | W21: =IFERROR(IF(X21>0,CALC!F21/X21,"-"),"-") -> 19.861111 | X21: =IF(T21>0,IFERROR(IF(CALC!E21>0,CALC!E21-T21,"-"),"-"),"-") -> 7.2 | Y21: =IF(SUM(S21,U21)>0,SUM(S21,U21),"-") -> 200 | Z21: 143 | AA21: 61384.2 | AD21: =IFERROR(IF(AE21>0,CALC!H21/AE21,"-"),"-") -> 500 | AE21: =IF(AA21>0,IFERROR(IF(CALC!G21>0,CALC!G21-AA21,"-"),"-"),"-") -> 0.6 | AF21: =IF(SUM(Z21,AB21)>0,SUM(Z21,AB21),"-") -> 143 | AG21: 300 | AH21: 61384.8 | AK21: =IFERROR(IF(AL21>0,CALC!J21/AL21,"-"),"-") -> - | AL21: =IF(AH21>0,IFERROR(IF(CALC!I21>0,CALC!I21-AH21,"-"),"-"),"-") -> - | AM21: =IF(SUM(AG21,AI21)>0,SUM(AG21,AI21),"-") -> 300 | AR21: =IFERROR(IF(AS21>0,CALC!L21/AS21,"-"),"-") -> - | AS21: =IF(AO21>0,IFERROR(IF(CALC!K21>0,CALC!K21-AO21,"-"),"-"),"-") -> - | AT21: =IF(SUM(AN21,AP21)>0,SUM(AN21,AP21),"-") -> - | AY21: =IFERROR(IF(AZ21>0,CALC!N21/AZ21,"-"),"-") -> - | AZ21: =IF(AV21>0,IFERROR(IF(CALC!M21>0,CALC!M21-AV21,"-"),"-"),"-") -> - | BA21: =IF(SUM(AU21,AW21)>0,SUM(AU21,AW21),"-") -> - | BF21: =IFERROR(IF(BG21>0,CALC!P21/BG21,"-"),"-") -> - | BG21: =IF(BC21>0,IFERROR(IF(CALC!O21>0,CALC!O21-BC21,"-"),"-"),"-") -> - | BH21: =IF(SUM(BB21,BD21)>0,SUM(BB21,BD21),"-") -> - | BM21: =IFERROR(IF(BN21>0,CALC!R21/BN21,"-"),"-") -> - | BN21: =IF(BJ21>0,IFERROR(IF(CALC!Q21>0,CALC!Q21-BJ21,"-"),"-"),"-") -> - | BO21: =IF(SUM(BI21,BK21)>0,SUM(BI21,BK21),"-") -> - | BT21: =IFERROR(IF(BU21>0,CALC!T21/BU21,"-"),"-") -> - | BU21: =IF(BQ21>0,IFERROR(IF(CALC!S21>0,CALC!S21-BQ21,"-"),"-"),"-") -> - | BV21: =IF(SUM(BP21,BR21)>0,SUM(BP21,BR21),"-") -> - | CA21: =IFERROR(IF(CB21>0,CALC!V21/CB21,"-"),"-") -> - | CB21: =IF(BX21>0,IFERROR(IF(CALC!U21>0,CALC!U21-BX21,"-"),"-"),"-") -> - | CC21: =IF(SUM(BW21,BY21)>0,SUM(BW21,BY21),"-") -> - | CH21: =IFERROR(IF(CI21>0,CALC!X21/CI21,"-"),"-") -> - | CI21: =IF(CE21>0,IFERROR(IF(CALC!W21>0,CALC!W21-CE21,"-"),"-"),"-") -> - | CJ21: =IF(SUM(CD21,CF21)>0,SUM(CD21,CF21),"-") -> - | CO21: =IFERROR(IF(CP21>0,CALC!Z21/CP21,"-"),"-") -> - | CP21: =IF(CL21>0,IFERROR(IF(CALC!Y21>0,CALC!Y21-CL21,"-"),"-"),"-") -> - | CQ21: =IF(SUM(CK21,CM21)>0,SUM(CK21,CM21),"-") -> - | CV21: =IFERROR(IF(CW21>0,CALC!AB21/CW21,"-"),"-") -> - | CW21: =IF(CS21>0,IFERROR(IF(CALC!AA21>0,CALC!AA21-CS21,"-"),"-"),"-") -> - | CX21: =IF(SUM(CR21,CT21)>0,SUM(CR21,CT21),"-") -> - | DC21: =IFERROR(IF(DD21>0,CALC!AD21/DD21,"-"),"-") -> - | DD21: =IF(CZ21>0,IFERROR(IF(CALC!AC21>0,CALC!AC21-CZ21,"-"),"-"),"-") -> - | DE21: =IF(SUM(CY21,DA21)>0,SUM(CY21,DA21),"-") -> - | DJ21: =IFERROR(IF(DK21>0,CALC!AF21/DK21,"-"),"-") -> - | DK21: =IF(DG21>0,IFERROR(IF(CALC!AE21>0,CALC!AE21-DG21,"-"),"-"),"-") -> - | DL21: =IF(SUM(DF21,DH21)>0,SUM(DF21,DH21),"-") -> - | DQ21: =IFERROR(IF(DR21>0,CALC!AH21/DR21,"-"),"-") -> - | DR21: =IF(DN21>0,IFERROR(IF(CALC!AG21>0,CALC!AG21-DN21,"-"),"-"),"-") -> - | DS21: =IF(SUM(DM21,DO21)>0,SUM(DM21,DO21),"-") -> - | DX21: =IFERROR(IF(DY21>0,CALC!AJ21/DY21,"-"),"-") -> - | DY21: =IF(DU21>0,IFERROR(IF(CALC!AI21>0,CALC!AI21-DU21,"-"),"-"),"-") -> - | DZ21: =IF(SUM(DT21,DV21)>0,SUM(DT21,DV21),"-") -> - | EE21: =IFERROR(IF(EF21>0,CALC!AL21/EF21,"-"),"-") -> - | EF21: =IF(EB21>0,IFERROR(IF(CALC!AK21>0,CALC!AK21-EB21,"-"),"-"),"-") -> - | EG21: =IF(SUM(EA21,EC21)>0,SUM(EA21,EC21),"-") -> - | EL21: =IFERROR(IF(EM21>0,CALC!AN21/EM21,"-"),"-") -> - | EM21: =IF(EI21>0,IFERROR(IF(CALC!AM21>0,CALC!AM21-EI21,"-"),"-"),"-") -> - | EN21: =IF(SUM(EH21,EJ21)>0,SUM(EH21,EJ21),"-") -> - | ES21: =IFERROR(IF(ET21>0,CALC!AP21/ET21,"-"),"-") -> - | ET21: =IF(EP21>0,IFERROR(IF(CALC!AO21>0,CALC!AO21-EP21,"-"),"-"),"-") -> - | EU21: =IF(SUM(EO21,EQ21)>0,SUM(EO21,EQ21),"-") -> - | EZ21: =IFERROR(IF(FA21>0,CALC!AR21/FA21,"-"),"-") -> - | FA21: =IF(EW21>0,IFERROR(IF(CALC!AQ21>0,CALC!AQ21-EW21,"-"),"-"),"-") -> - | FB21: =IF(SUM(EV21,EX21)>0,SUM(EV21,EX21),"-") -> - | FG21: =IFERROR(IF(FH21>0,CALC!AT21/FH21,"-"),"-") -> - | FH21: =IF(FD21>0,IFERROR(IF(CALC!AS21>0,CALC!AS21-FD21,"-"),"-"),"-") -> - | FI21: =IF(SUM(FC21,FE21)>0,SUM(FC21,FE21),"-") -> - | FN21: =IFERROR(IF(FO21>0,CALC!AV21/FO21,"-"),"-") -> - | FO21: =IF(FK21>0,IFERROR(IF(CALC!AU21>0,CALC!AU21-FK21,"-"),"-"),"-") -> - | FP21: =IF(SUM(FJ21,FL21)>0,SUM(FJ21,FL21),"-") -> - | FU21: =IFERROR(IF(FV21>0,CALC!AX21/FV21,"-"),"-") -> - | FV21: =IF(FR21>0,IFERROR(IF(CALC!AW21>0,CALC!AW21-FR21,"-"),"-"),"-") -> - | FW21: =IF(SUM(FQ21,FS21)>0,SUM(FQ21,FS21),"-") -> - | GB21: =IFERROR(IF(GC21>0,CALC!AZ21/GC21,"-"),"-") -> - | GC21: =IF(FY21>0,IFERROR(IF(CALC!AY21>0,CALC!AY21-FY21,"-"),"-"),"-") -> - | GD21: =IF(SUM(FX21,FZ21)>0,SUM(FX21,FZ21),"-") -> - | GI21: =IFERROR(IF(GJ21>0,CALC!BB21/GJ21,"-"),"-") -> - | GJ21: =IF(GF21>0,IFERROR(IF(CALC!BA21>0,CALC!BA21-GF21,"-"),"-"),"-") -> - | GK21: =IF(SUM(GE21,GG21)>0,SUM(GE21,GG21),"-") -> - | GP21: =IFERROR(IF(GQ21>0,CALC!BD21/GQ21,"-"),"-") -> - | GQ21: =IF(GM21>0,IFERROR(IF(CALC!BC21>0,CALC!BC21-GM21,"-"),"-"),"-") -> - | GR21: =IF(SUM(GL21,GN21)>0,SUM(GL21,GN21),"-") -> - | GW21: =IFERROR(IF(GX21>0,CALC!BF21/GX21,"-"),"-") -> - | GX21: =IF(GT21>0,IFERROR(IF(CALC!BE21>0,CALC!BE21-GT21,"-"),"-"),"-") -> - | GY21: =IF(SUM(GS21,GU21)>0,SUM(GS21,GU21),"-") -> - | HD21: =IFERROR(IF(HE21>0,CALC!BH21/HE21,"-"),"-") -> - | HE21: =IF(HA21>0,IFERROR(IF(CALC!BG21>0,CALC!BG21-HA21,"-"),"-"),"-") -> - | HF21: =IF(SUM(GZ21,HB21)>0,SUM(GZ21,HB21),"-") -> - | HK21: =IFERROR(IF(HL21>0,CALC!BJ21/HL21,"-"),"-") -> - | HL21: =IF(HH21>0,IFERROR(IF(CALC!BI21>0,CALC!BI21-HH21,"-"),"-"),"-") -> - | HM21: =IF(SUM(HG21,HI21)>0,SUM(HG21,HI21),"-") -> - | HN21: =SUM(K21,R21,Y21,AF21,AM21,AT21,BA21,BH21,BO21,BV21,CC21,CJ21,CQ21,CX21,DE21,DL21,DS21,DZ21,EG21,EN21,EU21,FB21,FI21,FP21,FW21,GD21,GK21,GR21,GY21,HF21,HM21) -> 1343 | HO21: =SUM(J21,Q21,X21,AE21,AL21,AS21,AZ21,BG21,BN21,BU21,CB21,CI21,CP21,CW21,DD21,DK21,DR21,DY21,EF21,EM21,ET21,FA21,FH21,FO21,FV21,GC21,GJ21,GQ21,GX21,HE21,HL21) -> 39.1 | HP21: =IFERROR(HN21/HO21,"") -> 34.347826
D22: DK 19 | E22: 344 | F22: 60623.4 | I22: =IFERROR(IF(J22>0,CALC!B22/J22,"-"),"-") -> - | J22: =IF(F22>0,IFERROR(IF(CALC!A22>0,CALC!A22-F22,"-"),"-"),"-") -> - | K22: =IF(SUM(E22,G22)>0,SUM(E22,G22),"-") -> 344 | L22: 0 | M22: 60623.4 | P22: =IFERROR(IF(Q22>0,CALC!D22/Q22,"-"),"-") -> - | Q22: =IF(M22>0,IFERROR(IF(CALC!C22>0,CALC!C22-M22,"-"),"-"),"-") -> - | R22: =IF(SUM(L22,N22)>0,SUM(L22,N22),"-") -> - | S22: 0 | T22: 60623.4 | W22: =IFERROR(IF(X22>0,CALC!F22/X22,"-"),"-") -> - | X22: =IF(T22>0,IFERROR(IF(CALC!E22>0,CALC!E22-T22,"-"),"-"),"-") -> - | Y22: =IF(SUM(S22,U22)>0,SUM(S22,U22),"-") -> - | Z22: 0 | AA22: 60623.4 | AD22: =IFERROR(IF(AE22>0,CALC!H22/AE22,"-"),"-") -> 24.064171 | AE22: =IF(AA22>0,IFERROR(IF(CALC!G22>0,CALC!G22-AA22,"-"),"-"),"-") -> 18.7 | AF22: =IF(SUM(Z22,AB22)>0,SUM(Z22,AB22),"-") -> - | AG22: 450 | AH22: 60642.1 | AK22: =IFERROR(IF(AL22>0,CALC!J22/AL22,"-"),"-") -> - | AL22: =IF(AH22>0,IFERROR(IF(CALC!I22>0,CALC!I22-AH22,"-"),"-"),"-") -> - | AM22: =IF(SUM(AG22,AI22)>0,SUM(AG22,AI22),"-") -> 450 | AR22: =IFERROR(IF(AS22>0,CALC!L22/AS22,"-"),"-") -> - | AS22: =IF(AO22>0,IFERROR(IF(CALC!K22>0,CALC!K22-AO22,"-"),"-"),"-") -> - | AT22: =IF(SUM(AN22,AP22)>0,SUM(AN22,AP22),"-") -> - | AY22: =IFERROR(IF(AZ22>0,CALC!N22/AZ22,"-"),"-") -> - | AZ22: =IF(AV22>0,IFERROR(IF(CALC!M22>0,CALC!M22-AV22,"-"),"-"),"-") -> - | BA22: =IF(SUM(AU22,AW22)>0,SUM(AU22,AW22),"-") -> - | BF22: =IFERROR(IF(BG22>0,CALC!P22/BG22,"-"),"-") -> - | BG22: =IF(BC22>0,IFERROR(IF(CALC!O22>0,CALC!O22-BC22,"-"),"-"),"-") -> - | BH22: =IF(SUM(BB22,BD22)>0,SUM(BB22,BD22),"-") -> - | BM22: =IFERROR(IF(BN22>0,CALC!R22/BN22,"-"),"-") -> - | BN22: =IF(BJ22>0,IFERROR(IF(CALC!Q22>0,CALC!Q22-BJ22,"-"),"-"),"-") -> - | BO22: =IF(SUM(BI22,BK22)>0,SUM(BI22,BK22),"-") -> - | BT22: =IFERROR(IF(BU22>0,CALC!T22/BU22,"-"),"-") -> - | BU22: =IF(BQ22>0,IFERROR(IF(CALC!S22>0,CALC!S22-BQ22,"-"),"-"),"-") -> - | BV22: =IF(SUM(BP22,BR22)>0,SUM(BP22,BR22),"-") -> - | CA22: =IFERROR(IF(CB22>0,CALC!V22/CB22,"-"),"-") -> - | CB22: =IF(BX22>0,IFERROR(IF(CALC!U22>0,CALC!U22-BX22,"-"),"-"),"-") -> - | CC22: =IF(SUM(BW22,BY22)>0,SUM(BW22,BY22),"-") -> - | CH22: =IFERROR(IF(CI22>0,CALC!X22/CI22,"-"),"-") -> - | CI22: =IF(CE22>0,IFERROR(IF(CALC!W22>0,CALC!W22-CE22,"-"),"-"),"-") -> - | CJ22: =IF(SUM(CD22,CF22)>0,SUM(CD22,CF22),"-") -> - | CO22: =IFERROR(IF(CP22>0,CALC!Z22/CP22,"-"),"-") -> - | CP22: =IF(CL22>0,IFERROR(IF(CALC!Y22>0,CALC!Y22-CL22,"-"),"-"),"-") -> - | CQ22: =IF(SUM(CK22,CM22)>0,SUM(CK22,CM22),"-") -> - | CV22: =IFERROR(IF(CW22>0,CALC!AB22/CW22,"-"),"-") -> - | CW22: =IF(CS22>0,IFERROR(IF(CALC!AA22>0,CALC!AA22-CS22,"-"),"-"),"-") -> - | CX22: =IF(SUM(CR22,CT22)>0,SUM(CR22,CT22),"-") -> - | DC22: =IFERROR(IF(DD22>0,CALC!AD22/DD22,"-"),"-") -> - | DD22: =IF(CZ22>0,IFERROR(IF(CALC!AC22>0,CALC!AC22-CZ22,"-"),"-"),"-") -> - | DE22: =IF(SUM(CY22,DA22)>0,SUM(CY22,DA22),"-") -> - | DJ22: =IFERROR(IF(DK22>0,CALC!AF22/DK22,"-"),"-") -> - | DK22: =IF(DG22>0,IFERROR(IF(CALC!AE22>0,CALC!AE22-DG22,"-"),"-"),"-") -> - | DL22: =IF(SUM(DF22,DH22)>0,SUM(DF22,DH22),"-") -> - | DQ22: =IFERROR(IF(DR22>0,CALC!AH22/DR22,"-"),"-") -> - | DR22: =IF(DN22>0,IFERROR(IF(CALC!AG22>0,CALC!AG22-DN22,"-"),"-"),"-") -> - | DS22: =IF(SUM(DM22,DO22)>0,SUM(DM22,DO22),"-") -> - | DX22: =IFERROR(IF(DY22>0,CALC!AJ22/DY22,"-"),"-") -> - | DY22: =IF(DU22>0,IFERROR(IF(CALC!AI22>0,CALC!AI22-DU22,"-"),"-"),"-") -> - | DZ22: =IF(SUM(DT22,DV22)>0,SUM(DT22,DV22),"-") -> - | EE22: =IFERROR(IF(EF22>0,CALC!AL22/EF22,"-"),"-") -> - | EF22: =IF(EB22>0,IFERROR(IF(CALC!AK22>0,CALC!AK22-EB22,"-"),"-"),"-") -> - | EG22: =IF(SUM(EA22,EC22)>0,SUM(EA22,EC22),"-") -> - | EL22: =IFERROR(IF(EM22>0,CALC!AN22/EM22,"-"),"-") -> - | EM22: =IF(EI22>0,IFERROR(IF(CALC!AM22>0,CALC!AM22-EI22,"-"),"-"),"-") -> - | EN22: =IF(SUM(EH22,EJ22)>0,SUM(EH22,EJ22),"-") -> - | ES22: =IFERROR(IF(ET22>0,CALC!AP22/ET22,"-"),"-") -> - | ET22: =IF(EP22>0,IFERROR(IF(CALC!AO22>0,CALC!AO22-EP22,"-"),"-"),"-") -> - | EU22: =IF(SUM(EO22,EQ22)>0,SUM(EO22,EQ22),"-") -> - | EZ22: =IFERROR(IF(FA22>0,CALC!AR22/FA22,"-"),"-") -> - | FA22: =IF(EW22>0,IFERROR(IF(CALC!AQ22>0,CALC!AQ22-EW22,"-"),"-"),"-") -> - | FB22: =IF(SUM(EV22,EX22)>0,SUM(EV22,EX22),"-") -> - | FG22: =IFERROR(IF(FH22>0,CALC!AT22/FH22,"-"),"-") -> - | FH22: =IF(FD22>0,IFERROR(IF(CALC!AS22>0,CALC!AS22-FD22,"-"),"-"),"-") -> - | FI22: =IF(SUM(FC22,FE22)>0,SUM(FC22,FE22),"-") -> - | FN22: =IFERROR(IF(FO22>0,CALC!AV22/FO22,"-"),"-") -> - | FO22: =IF(FK22>0,IFERROR(IF(CALC!AU22>0,CALC!AU22-FK22,"-"),"-"),"-") -> - | FP22: =IF(SUM(FJ22,FL22)>0,SUM(FJ22,FL22),"-") -> - | FU22: =IFERROR(IF(FV22>0,CALC!AX22/FV22,"-"),"-") -> - | FV22: =IF(FR22>0,IFERROR(IF(CALC!AW22>0,CALC!AW22-FR22,"-"),"-"),"-") -> - | FW22: =IF(SUM(FQ22,FS22)>0,SUM(FQ22,FS22),"-") -> - | GB22: =IFERROR(IF(GC22>0,CALC!AZ22/GC22,"-"),"-") -> - | GC22: =IF(FY22>0,IFERROR(IF(CALC!AY22>0,CALC!AY22-FY22,"-"),"-"),"-") -> - | GD22: =IF(SUM(FX22,FZ22)>0,SUM(FX22,FZ22),"-") -> - | GI22: =IFERROR(IF(GJ22>0,CALC!BB22/GJ22,"-"),"-") -> - | GJ22: =IF(GF22>0,IFERROR(IF(CALC!BA22>0,CALC!BA22-GF22,"-"),"-"),"-") -> - | GK22: =IF(SUM(GE22,GG22)>0,SUM(GE22,GG22),"-") -> - | GP22: =IFERROR(IF(GQ22>0,CALC!BD22/GQ22,"-"),"-") -> - | GQ22: =IF(GM22>0,IFERROR(IF(CALC!BC22>0,CALC!BC22-GM22,"-"),"-"),"-") -> - | GR22: =IF(SUM(GL22,GN22)>0,SUM(GL22,GN22),"-") -> - | GW22: =IFERROR(IF(GX22>0,CALC!BF22/GX22,"-"),"-") -> - | GX22: =IF(GT22>0,IFERROR(IF(CALC!BE22>0,CALC!BE22-GT22,"-"),"-"),"-") -> - | GY22: =IF(SUM(GS22,GU22)>0,SUM(GS22,GU22),"-") -> - | HD22: =IFERROR(IF(HE22>0,CALC!BH22/HE22,"-"),"-") -> - | HE22: =IF(HA22>0,IFERROR(IF(CALC!BG22>0,CALC!BG22-HA22,"-"),"-"),"-") -> - | HF22: =IF(SUM(GZ22,HB22)>0,SUM(GZ22,HB22),"-") -> - | HK22: =IFERROR(IF(HL22>0,CALC!BJ22/HL22,"-"),"-") -> - | HL22: =IF(HH22>0,IFERROR(IF(CALC!BI22>0,CALC!BI22-HH22,"-"),"-"),"-") -> - | HM22: =IF(SUM(HG22,HI22)>0,SUM(HG22,HI22),"-") -> - | HN22: =SUM(K22,R22,Y22,AF22,AM22,AT22,BA22,BH22,BO22,BV22,CC22,CJ22,CQ22,CX22,DE22,DL22,DS22,DZ22,EG22,EN22,EU22,FB22,FI22,FP22,FW22,GD22,GK22,GR22,GY22,HF22,HM22) -> 794 | HO22: =SUM(J22,Q22,X22,AE22,AL22,AS22,AZ22,BG22,BN22,BU22,CB22,CI22,CP22,CW22,DD22,DK22,DR22,DY22,EF22,EM22,ET22,FA22,FH22,FO22,FV22,GC22,GJ22,GQ22,GX22,HE22,HL22) -> 18.7 | HP22: =IFERROR(HN22/HO22,"") -> 42.459893
HN23: =SUM(K23,R23,Y23,AF23,AM23,AT23,BA23,BH23,BO23,BV23,CC23,CJ23,CQ23,CX23,DE23,DL23,DS23,DZ23,EG23,EN23,EU23,FB23,FI23,FP23,FW23,GD23,GK23,GR23) -> 0 | HO23: =SUM(J23,Q23,X23,AE23,AL23,AS23,AZ23,BG23,BN23,BU23,CB23,CI23,CP23,CW23,DD23,DK23,DR23,DY23,EF23,EM23,ET23,FA23,FH23,FO23,FV23,GC23,GJ23,GQ23) -> 0 | HP23: =IFERROR(HN23/HO23,"")
C24: Alat Bantu | D24: DM 03 | I24: =IFERROR(IF(J24>0,CALC!B24/J24,"-"),"-") -> - | J24: =IF(F24>0,IFERROR(IF(CALC!A24>0,CALC!A24-F24,"-"),"-"),"-") -> - | K24: =IF(SUM(E24,G24)>0,SUM(E24,G24),"-") -> - | P24: =IFERROR(IF(Q24>0,CALC!D24/Q24,"-"),"-") -> - | Q24: =IF(M24>0,IFERROR(IF(CALC!C24>0,CALC!C24-M24,"-"),"-"),"-") -> - | R24: =IF(SUM(L24,N24)>0,SUM(L24,N24),"-") -> - | W24: =IFERROR(IF(X24>0,CALC!F24/X24,"-"),"-") -> - | X24: =IF(T24>0,IFERROR(IF(CALC!E24>0,CALC!E24-T24,"-"),"-"),"-") -> - | Y24: =IF(SUM(S24,U24)>0,SUM(S24,U24),"-") -> - | AD24: =IFERROR(IF(AE24>0,CALC!H24/AE24,"-"),"-") -> - | AE24: =IF(AA24>0,IFERROR(IF(CALC!G24>0,CALC!G24-AA24,"-"),"-"),"-") -> - | AF24: =IF(SUM(Z24,AB24)>0,SUM(Z24,AB24),"-") -> - | AK24: =IFERROR(IF(AL24>0,CALC!J24/AL24,"-"),"-") -> - | AL24: =IF(AH24>0,IFERROR(IF(CALC!I24>0,CALC!I24-AH24,"-"),"-"),"-") -> - | AM24: =IF(SUM(AG24,AI24)>0,SUM(AG24,AI24),"-") -> - | AR24: =IFERROR(IF(AS24>0,CALC!L24/AS24,"-"),"-") -> - | AS24: =IF(AO24>0,IFERROR(IF(CALC!K24>0,CALC!K24-AO24,"-"),"-"),"-") -> - | AT24: =IF(SUM(AN24,AP24)>0,SUM(AN24,AP24),"-") -> - | AY24: =IFERROR(IF(AZ24>0,CALC!N24/AZ24,"-"),"-") -> - | AZ24: =IF(AV24>0,IFERROR(IF(CALC!M24>0,CALC!M24-AV24,"-"),"-"),"-") -> - | BA24: =IF(SUM(AU24,AW24)>0,SUM(AU24,AW24),"-") -> - | BF24: =IFERROR(IF(BG24>0,CALC!P24/BG24,"-"),"-") -> - | BG24: =IF(BC24>0,IFERROR(IF(CALC!O24>0,CALC!O24-BC24,"-"),"-"),"-") -> - | BH24: =IF(SUM(BB24,BD24)>0,SUM(BB24,BD24),"-") -> - | BM24: =IFERROR(IF(BN24>0,CALC!R24/BN24,"-"),"-") -> - | BN24: =IF(BJ24>0,IFERROR(IF(CALC!Q24>0,CALC!Q24-BJ24,"-"),"-"),"-") -> - | BO24: =IF(SUM(BI24,BK24)>0,SUM(BI24,BK24),"-") -> - | BT24: =IFERROR(IF(BU24>0,CALC!T24/BU24,"-"),"-") -> - | BU24: =IF(BQ24>0,IFERROR(IF(CALC!S24>0,CALC!S24-BQ24,"-"),"-"),"-") -> - | BV24: =IF(SUM(BP24,BR24)>0,SUM(BP24,BR24),"-") -> - | CA24: =IFERROR(IF(CB24>0,CALC!V24/CB24,"-"),"-") -> - | CB24: =IF(BX24>0,IFERROR(IF(CALC!U24>0,CALC!U24-BX24,"-"),"-"),"-") -> - | CC24: =IF(SUM(BW24,BY24)>0,SUM(BW24,BY24),"-") -> - | CH24: =IFERROR(IF(CI24>0,CALC!X24/CI24,"-"),"-") -> - | CI24: =IF(CE24>0,IFERROR(IF(CALC!W24>0,CALC!W24-CE24,"-"),"-"),"-") -> - | CJ24: =IF(SUM(CD24,CF24)>0,SUM(CD24,CF24),"-") -> - | CO24: =IFERROR(IF(CP24>0,CALC!Z24/CP24,"-"),"-") -> - | CP24: =IF(CL24>0,IFERROR(IF(CALC!Y24>0,CALC!Y24-CL24,"-"),"-"),"-") -> - | CQ24: =IF(SUM(CK24,CM24)>0,SUM(CK24,CM24),"-") -> - | CV24: =IFERROR(IF(CW24>0,CALC!AB24/CW24,"-"),"-") -> - | CW24: =IF(CS24>0,IFERROR(IF(CALC!AA24>0,CALC!AA24-CS24,"-"),"-"),"-") -> - | CX24: =IF(SUM(CR24,CT24)>0,SUM(CR24,CT24),"-") -> - | DC24: =IFERROR(IF(DD24>0,CALC!AD24/DD24,"-"),"-") -> - | DD24: =IF(CZ24>0,IFERROR(IF(CALC!AC24>0,CALC!AC24-CZ24,"-"),"-"),"-") -> - | DE24: =IF(SUM(CY24,DA24)>0,SUM(CY24,DA24),"-") -> - | DJ24: =IFERROR(IF(DK24>0,CALC!AF24/DK24,"-"),"-") -> - | DK24: =IF(DG24>0,IFERROR(IF(CALC!AE24>0,CALC!AE24-DG24,"-"),"-"),"-") -> - | DL24: =IF(SUM(DF24,DH24)>0,SUM(DF24,DH24),"-") -> - | DQ24: =IFERROR(IF(DR24>0,CALC!AH24/DR24,"-"),"-") -> - | DR24: =IF(DN24>0,IFERROR(IF(CALC!AG24>0,CALC!AG24-DN24,"-"),"-"),"-") -> - | DS24: =IF(SUM(DM24,DO24)>0,SUM(DM24,DO24),"-") -> - | DX24: =IFERROR(IF(DY24>0,CALC!AJ24/DY24,"-"),"-") -> - | DY24: =IF(DU24>0,IFERROR(IF(CALC!AI24>0,CALC!AI24-DU24,"-"),"-"),"-") -> - | DZ24: =IF(SUM(DT24,DV24)>0,SUM(DT24,DV24),"-") -> - | EE24: =IFERROR(IF(EF24>0,CALC!AL24/EF24,"-"),"-") -> - | EF24: =IF(EB24>0,IFERROR(IF(CALC!AK24>0,CALC!AK24-EB24,"-"),"-"),"-") -> - | EG24: =IF(SUM(EA24,EC24)>0,SUM(EA24,EC24),"-") -> - | EL24: =IFERROR(IF(EM24>0,CALC!AN24/EM24,"-"),"-") -> - | EM24: =IF(EI24>0,IFERROR(IF(CALC!AM24>0,CALC!AM24-EI24,"-"),"-"),"-") -> - | EN24: =IF(SUM(EH24,EJ24)>0,SUM(EH24,EJ24),"-") -> - | ES24: =IFERROR(IF(ET24>0,CALC!AP24/ET24,"-"),"-") -> - | ET24: =IF(EP24>0,IFERROR(IF(CALC!AO24>0,CALC!AO24-EP24,"-"),"-"),"-") -> - | EU24: =IF(SUM(EO24,EQ24)>0,SUM(EO24,EQ24),"-") -> - | EZ24: =IFERROR(IF(FA24>0,CALC!AR24/FA24,"-"),"-") -> - | FA24: =IF(EW24>0,IFERROR(IF(CALC!AQ24>0,CALC!AQ24-EW24,"-"),"-"),"-") -> - | FB24: =IF(SUM(EV24,EX24)>0,SUM(EV24,EX24),"-") -> - | FG24: =IFERROR(IF(FH24>0,CALC!AT24/FH24,"-"),"-") -> - | FH24: =IF(FD24>0,IFERROR(IF(CALC!AS24>0,CALC!AS24-FD24,"-"),"-"),"-") -> - | FI24: =IF(SUM(FC24,FE24)>0,SUM(FC24,FE24),"-") -> - | FN24: =IFERROR(IF(FO24>0,CALC!AV24/FO24,"-"),"-") -> - | FO24: =IF(FK24>0,IFERROR(IF(CALC!AU24>0,CALC!AU24-FK24,"-"),"-"),"-") -> - | FP24: =IF(SUM(FJ24,FL24)>0,SUM(FJ24,FL24),"-") -> - | FU24: =IFERROR(IF(FV24>0,CALC!AX24/FV24,"-"),"-") -> - | FV24: =IF(FR24>0,IFERROR(IF(CALC!AW24>0,CALC!AW24-FR24,"-"),"-"),"-") -> - | FW24: =IF(SUM(FQ24,FS24)>0,SUM(FQ24,FS24),"-") -> - | GB24: =IFERROR(IF(GC24>0,CALC!AZ24/GC24,"-"),"-") -> - | GC24: =IF(FY24>0,IFERROR(IF(CALC!AY24>0,CALC!AY24-FY24,"-"),"-"),"-") -> - | GD24: =IF(SUM(FX24,FZ24)>0,SUM(FX24,FZ24),"-") -> - | GI24: =IFERROR(IF(GJ24>0,CALC!BB24/GJ24,"-"),"-") -> - | GJ24: =IF(GF24>0,IFERROR(IF(CALC!BA24>0,CALC!BA24-GF24,"-"),"-"),"-") -> - | GK24: =IF(SUM(GE24,GG24)>0,SUM(GE24,GG24),"-") -> - | GP24: =IFERROR(IF(GQ24>0,CALC!BD24/GQ24,"-"),"-") -> - | GQ24: =IF(GM24>0,IFERROR(IF(CALC!BC24>0,CALC!BC24-GM24,"-"),"-"),"-") -> - | GR24: =IF(SUM(GL24,GN24)>0,SUM(GL24,GN24),"-") -> - | GW24: =IFERROR(IF(GX24>0,CALC!BF24/GX24,"-"),"-") -> - | GX24: =IF(GT24>0,IFERROR(IF(CALC!BE24>0,CALC!BE24-GT24,"-"),"-"),"-") -> - | GY24: =IF(SUM(GS24,GU24)>0,SUM(GS24,GU24),"-") -> - | HD24: =IFERROR(IF(HE24>0,CALC!BH24/HE24,"-"),"-") -> - | HE24: =IF(HA24>0,IFERROR(IF(CALC!BG24>0,CALC!BG24-HA24,"-"),"-"),"-") -> - | HF24: =IF(SUM(GZ24,HB24)>0,SUM(GZ24,HB24),"-") -> - | HK24: =IFERROR(IF(HL24>0,CALC!BJ24/HL24,"-"),"-") -> - | HL24: =IF(HH24>0,IFERROR(IF(CALC!BI24>0,CALC!BI24-HH24,"-"),"-"),"-") -> - | HM24: =IF(SUM(HG24,HI24)>0,SUM(HG24,HI24),"-") -> - | HN24: =SUM(K24,R24,Y24,AF24,AM24,AT24,BA24,BH24,BO24,BV24,CC24,CJ24,CQ24,CX24,DE24,DL24,DS24,DZ24,EG24,EN24,EU24,FB24,FI24,FP24,FW24,GD24,GK24,GR24,GY24,HF24,HM24) -> 0 | HO24: =SUM(J24,Q24,X24,AE24,AL24,AS24,AZ24,BG24,BN24,BU24,CB24,CI24,CP24,CW24,DD24,DK24,DR24,DY24,EF24,EM24,ET24,FA24,FH24,FO24,FV24,GC24,GJ24,GQ24,GX24,HE24,HL24) -> 0 | HP24: =IFERROR(HN24/HO24,"")
D25: BK 11 | I25: =IFERROR(IF(J25>0,CALC!B25/J25,"-"),"-") -> - | J25: =IF(F25>0,IFERROR(IF(CALC!A25>0,CALC!A25-F25,"-"),"-"),"-") -> - | K25: =IF(SUM(E25,G25)>0,SUM(E25,G25),"-") -> - | P25: =IFERROR(IF(Q25>0,CALC!D25/Q25,"-"),"-") -> - | Q25: =IF(M25>0,IFERROR(IF(CALC!C25>0,CALC!C25-M25,"-"),"-"),"-") -> - | R25: =IF(SUM(L25,N25)>0,SUM(L25,N25),"-") -> - | W25: =IFERROR(IF(X25>0,CALC!F25/X25,"-"),"-") -> - | X25: =IF(T25>0,IFERROR(IF(CALC!E25>0,CALC!E25-T25,"-"),"-"),"-") -> - | Y25: =IF(SUM(S25,U25)>0,SUM(S25,U25),"-") -> - | AD25: =IFERROR(IF(AE25>0,CALC!H25/AE25,"-"),"-") -> - | AE25: =IF(AA25>0,IFERROR(IF(CALC!G25>0,CALC!G25-AA25,"-"),"-"),"-") -> - | AF25: =IF(SUM(Z25,AB25)>0,SUM(Z25,AB25),"-") -> - | AK25: =IFERROR(IF(AL25>0,CALC!J25/AL25,"-"),"-") -> - | AL25: =IF(AH25>0,IFERROR(IF(CALC!I25>0,CALC!I25-AH25,"-"),"-"),"-") -> - | AM25: =IF(SUM(AG25,AI25)>0,SUM(AG25,AI25),"-") -> - | AR25: =IFERROR(IF(AS25>0,CALC!L25/AS25,"-"),"-") -> - | AS25: =IF(AO25>0,IFERROR(IF(CALC!K25>0,CALC!K25-AO25,"-"),"-"),"-") -> - | AT25: =IF(SUM(AN25,AP25)>0,SUM(AN25,AP25),"-") -> - | AY25: =IFERROR(IF(AZ25>0,CALC!N25/AZ25,"-"),"-") -> - | AZ25: =IF(AV25>0,IFERROR(IF(CALC!M25>0,CALC!M25-AV25,"-"),"-"),"-") -> - | BA25: =IF(SUM(AU25,AW25)>0,SUM(AU25,AW25),"-") -> - | BF25: =IFERROR(IF(BG25>0,CALC!P25/BG25,"-"),"-") -> - | BG25: =IF(BC25>0,IFERROR(IF(CALC!O25>0,CALC!O25-BC25,"-"),"-"),"-") -> - | BH25: =IF(SUM(BB25,BD25)>0,SUM(BB25,BD25),"-") -> - | BM25: =IFERROR(IF(BN25>0,CALC!R25/BN25,"-"),"-") -> - | BN25: =IF(BJ25>0,IFERROR(IF(CALC!Q25>0,CALC!Q25-BJ25,"-"),"-"),"-") -> - | BO25: =IF(SUM(BI25,BK25)>0,SUM(BI25,BK25),"-") -> - | BT25: =IFERROR(IF(BU25>0,CALC!T25/BU25,"-"),"-") -> - | BU25: =IF(BQ25>0,IFERROR(IF(CALC!S25>0,CALC!S25-BQ25,"-"),"-"),"-") -> - | BV25: =IF(SUM(BP25,BR25)>0,SUM(BP25,BR25),"-") -> - | CA25: =IFERROR(IF(CB25>0,CALC!V25/CB25,"-"),"-") -> - | CB25: =IF(BX25>0,IFERROR(IF(CALC!U25>0,CALC!U25-BX25,"-"),"-"),"-") -> - | CC25: =IF(SUM(BW25,BY25)>0,SUM(BW25,BY25),"-") -> - | CH25: =IFERROR(IF(CI25>0,CALC!X25/CI25,"-"),"-") -> - | CI25: =IF(CE25>0,IFERROR(IF(CALC!W25>0,CALC!W25-CE25,"-"),"-"),"-") -> - | CJ25: =IF(SUM(CD25,CF25)>0,SUM(CD25,CF25),"-") -> - | CO25: =IFERROR(IF(CP25>0,CALC!Z25/CP25,"-"),"-") -> - | CP25: =IF(CL25>0,IFERROR(IF(CALC!Y25>0,CALC!Y25-CL25,"-"),"-"),"-") -> - | CQ25: =IF(SUM(CK25,CM25)>0,SUM(CK25,CM25),"-") -> - | CV25: =IFERROR(IF(CW25>0,CALC!AB25/CW25,"-"),"-") -> - | CW25: =IF(CS25>0,IFERROR(IF(CALC!AA25>0,CALC!AA25-CS25,"-"),"-"),"-") -> - | CX25: =IF(SUM(CR25,CT25)>0,SUM(CR25,CT25),"-") -> - | DC25: =IFERROR(IF(DD25>0,CALC!AD25/DD25,"-"),"-") -> - | DD25: =IF(CZ25>0,IFERROR(IF(CALC!AC25>0,CALC!AC25-CZ25,"-"),"-"),"-") -> - | DE25: =IF(SUM(CY25,DA25)>0,SUM(CY25,DA25),"-") -> - | DJ25: =IFERROR(IF(DK25>0,CALC!AF25/DK25,"-"),"-") -> - | DK25: =IF(DG25>0,IFERROR(IF(CALC!AE25>0,CALC!AE25-DG25,"-"),"-"),"-") -> - | DL25: =IF(SUM(DF25,DH25)>0,SUM(DF25,DH25),"-") -> - | DQ25: =IFERROR(IF(DR25>0,CALC!AH25/DR25,"-"),"-") -> - | DR25: =IF(DN25>0,IFERROR(IF(CALC!AG25>0,CALC!AG25-DN25,"-"),"-"),"-") -> - | DS25: =IF(SUM(DM25,DO25)>0,SUM(DM25,DO25),"-") -> - | DX25: =IFERROR(IF(DY25>0,CALC!AJ25/DY25,"-"),"-") -> - | DY25: =IF(DU25>0,IFERROR(IF(CALC!AI25>0,CALC!AI25-DU25,"-"),"-"),"-") -> - | DZ25: =IF(SUM(DT25,DV25)>0,SUM(DT25,DV25),"-") -> - | EE25: =IFERROR(IF(EF25>0,CALC!AL25/EF25,"-"),"-") -> - | EF25: =IF(EB25>0,IFERROR(IF(CALC!AK25>0,CALC!AK25-EB25,"-"),"-"),"-") -> - | EG25: =IF(SUM(EA25,EC25)>0,SUM(EA25,EC25),"-") -> - | EL25: =IFERROR(IF(EM25>0,CALC!AN25/EM25,"-"),"-") -> - | EM25: =IF(EI25>0,IFERROR(IF(CALC!AM25>0,CALC!AM25-EI25,"-"),"-"),"-") -> - | EN25: =IF(SUM(EH25,EJ25)>0,SUM(EH25,EJ25),"-") -> - | ES25: =IFERROR(IF(ET25>0,CALC!AP25/ET25,"-"),"-") -> - | ET25: =IF(EP25>0,IFERROR(IF(CALC!AO25>0,CALC!AO25-EP25,"-"),"-"),"-") -> - | EU25: =IF(SUM(EO25,EQ25)>0,SUM(EO25,EQ25),"-") -> - | EZ25: =IFERROR(IF(FA25>0,CALC!AR25/FA25,"-"),"-") -> - | FA25: =IF(EW25>0,IFERROR(IF(CALC!AQ25>0,CALC!AQ25-EW25,"-"),"-"),"-") -> - | FB25: =IF(SUM(EV25,EX25)>0,SUM(EV25,EX25),"-") -> - | FG25: =IFERROR(IF(FH25>0,CALC!AT25/FH25,"-"),"-") -> - | FH25: =IF(FD25>0,IFERROR(IF(CALC!AS25>0,CALC!AS25-FD25,"-"),"-"),"-") -> - | FI25: =IF(SUM(FC25,FE25)>0,SUM(FC25,FE25),"-") -> - | FN25: =IFERROR(IF(FO25>0,CALC!AV25/FO25,"-"),"-") -> - | FO25: =IF(FK25>0,IFERROR(IF(CALC!AU25>0,CALC!AU25-FK25,"-"),"-"),"-") -> - | FP25: =IF(SUM(FJ25,FL25)>0,SUM(FJ25,FL25),"-") -> - | FU25: =IFERROR(IF(FV25>0,CALC!AX25/FV25,"-"),"-") -> - | FV25: =IF(FR25>0,IFERROR(IF(CALC!AW25>0,CALC!AW25-FR25,"-"),"-"),"-") -> - | FW25: =IF(SUM(FQ25,FS25)>0,SUM(FQ25,FS25),"-") -> - | GB25: =IFERROR(IF(GC25>0,CALC!AZ25/GC25,"-"),"-") -> - | GC25: =IF(FY25>0,IFERROR(IF(CALC!AY25>0,CALC!AY25-FY25,"-"),"-"),"-") -> - | GD25: =IF(SUM(FX25,FZ25)>0,SUM(FX25,FZ25),"-") -> - | GI25: =IFERROR(IF(GJ25>0,CALC!BB25/GJ25,"-"),"-") -> - | GJ25: =IF(GF25>0,IFERROR(IF(CALC!BA25>0,CALC!BA25-GF25,"-"),"-"),"-") -> - | GK25: =IF(SUM(GE25,GG25)>0,SUM(GE25,GG25),"-") -> - | GP25: =IFERROR(IF(GQ25>0,CALC!BD25/GQ25,"-"),"-") -> - | GQ25: =IF(GM25>0,IFERROR(IF(CALC!BC25>0,CALC!BC25-GM25,"-"),"-"),"-") -> - | GR25: =IF(SUM(GL25,GN25)>0,SUM(GL25,GN25),"-") -> - | GW25: =IFERROR(IF(GX25>0,CALC!BF25/GX25,"-"),"-") -> - | GX25: =IF(GT25>0,IFERROR(IF(CALC!BE25>0,CALC!BE25-GT25,"-"),"-"),"-") -> - | GY25: =IF(SUM(GS25,GU25)>0,SUM(GS25,GU25),"-") -> - | HD25: =IFERROR(IF(HE25>0,CALC!BH25/HE25,"-"),"-") -> - | HE25: =IF(HA25>0,IFERROR(IF(CALC!BG25>0,CALC!BG25-HA25,"-"),"-"),"-") -> - | HF25: =IF(SUM(GZ25,HB25)>0,SUM(GZ25,HB25),"-") -> - | HK25: =IFERROR(IF(HL25>0,CALC!BJ25/HL25,"-"),"-") -> - | HL25: =IF(HH25>0,IFERROR(IF(CALC!BI25>0,CALC!BI25-HH25,"-"),"-"),"-") -> - | HM25: =IF(SUM(HG25,HI25)>0,SUM(HG25,HI25),"-") -> - | HN25: =SUM(K25,R25,Y25,AF25,AM25,AT25,BA25,BH25,BO25,BV25,CC25,CJ25,CQ25,CX25,DE25,DL25,DS25,DZ25,EG25,EN25,EU25,FB25,FI25,FP25,FW25,GD25,GK25,GR25,GY25,HF25,HM25) -> 0 | HO25: =SUM(J25,Q25,X25,AE25,AL25,AS25,AZ25,BG25,BN25,BU25,CB25,CI25,CP25,CW25,DD25,DK25,DR25,DY25,EF25,EM25,ET25,FA25,FH25,FO25,FV25,GC25,GJ25,GQ25,GX25,HE25,HL25) -> 0 | HP25: =IFERROR(HN25/HO25,"")
D26: BC 13 | E26: 0 | F26: 31821 | I26: =IFERROR(IF(J26>0,CALC!B26/J26,"-"),"-") -> - | J26: =IF(F26>0,IFERROR(IF(CALC!A26>0,CALC!A26-F26,"-"),"-"),"-") -> - | K26: =IF(SUM(E26,G26)>0,SUM(E26,G26),"-") -> - | L26: 0 | M26: 31821 | P26: =IFERROR(IF(Q26>0,CALC!D26/Q26,"-"),"-") -> - | Q26: =IF(M26>0,IFERROR(IF(CALC!C26>0,CALC!C26-M26,"-"),"-"),"-") -> - | R26: =IF(SUM(L26,N26)>0,SUM(L26,N26),"-") -> - | S26: 0 | T26: 31821 | W26: =IFERROR(IF(X26>0,CALC!F26/X26,"-"),"-") -> 33.75 | X26: =IF(T26>0,IFERROR(IF(CALC!E26>0,CALC!E26-T26,"-"),"-"),"-") -> 10.4 | Y26: =IF(SUM(S26,U26)>0,SUM(S26,U26),"-") -> - | Z26: 351 | AA26: 31831.4 | AD26: =IFERROR(IF(AE26>0,CALC!H26/AE26,"-"),"-") -> - | AE26: =IF(AA26>0,IFERROR(IF(CALC!G26>0,CALC!G26-AA26,"-"),"-"),"-") -> - | AF26: =IF(SUM(Z26,AB26)>0,SUM(Z26,AB26),"-") -> 351 | AG26: 0 | AH26: 31831.4 | AK26: =IFERROR(IF(AL26>0,CALC!J26/AL26,"-"),"-") -> - | AL26: =IF(AH26>0,IFERROR(IF(CALC!I26>0,CALC!I26-AH26,"-"),"-"),"-") -> - | AM26: =IF(SUM(AG26,AI26)>0,SUM(AG26,AI26),"-") -> - | AR26: =IFERROR(IF(AS26>0,CALC!L26/AS26,"-"),"-") -> - | AS26: =IF(AO26>0,IFERROR(IF(CALC!K26>0,CALC!K26-AO26,"-"),"-"),"-") -> - | AT26: =IF(SUM(AN26,AP26)>0,SUM(AN26,AP26),"-") -> - | AY26: =IFERROR(IF(AZ26>0,CALC!N26/AZ26,"-"),"-") -> - | AZ26: =IF(AV26>0,IFERROR(IF(CALC!M26>0,CALC!M26-AV26,"-"),"-"),"-") -> - | BA26: =IF(SUM(AU26,AW26)>0,SUM(AU26,AW26),"-") -> - | BF26: =IFERROR(IF(BG26>0,CALC!P26/BG26,"-"),"-") -> - | BG26: =IF(BC26>0,IFERROR(IF(CALC!O26>0,CALC!O26-BC26,"-"),"-"),"-") -> - | BH26: =IF(SUM(BB26,BD26)>0,SUM(BB26,BD26),"-") -> - | BM26: =IFERROR(IF(BN26>0,CALC!R26/BN26,"-"),"-") -> - | BN26: =IF(BJ26>0,IFERROR(IF(CALC!Q26>0,CALC!Q26-BJ26,"-"),"-"),"-") -> - | BO26: =IF(SUM(BI26,BK26)>0,SUM(BI26,BK26),"-") -> - | BT26: =IFERROR(IF(BU26>0,CALC!T26/BU26,"-"),"-") -> - | BU26: =IF(BQ26>0,IFERROR(IF(CALC!S26>0,CALC!S26-BQ26,"-"),"-"),"-") -> - | BV26: =IF(SUM(BP26,BR26)>0,SUM(BP26,BR26),"-") -> - | CA26: =IFERROR(IF(CB26>0,CALC!V26/CB26,"-"),"-") -> - | CB26: =IF(BX26>0,IFERROR(IF(CALC!U26>0,CALC!U26-BX26,"-"),"-"),"-") -> - | CC26: =IF(SUM(BW26,BY26)>0,SUM(BW26,BY26),"-") -> - | CH26: =IFERROR(IF(CI26>0,CALC!X26/CI26,"-"),"-") -> - | CI26: =IF(CE26>0,IFERROR(IF(CALC!W26>0,CALC!W26-CE26,"-"),"-"),"-") -> - | CJ26: =IF(SUM(CD26,CF26)>0,SUM(CD26,CF26),"-") -> - | CO26: =IFERROR(IF(CP26>0,CALC!Z26/CP26,"-"),"-") -> - | CP26: =IF(CL26>0,IFERROR(IF(CALC!Y26>0,CALC!Y26-CL26,"-"),"-"),"-") -> - | CQ26: =IF(SUM(CK26,CM26)>0,SUM(CK26,CM26),"-") -> - | CV26: =IFERROR(IF(CW26>0,CALC!AB26/CW26,"-"),"-") -> - | CW26: =IF(CS26>0,IFERROR(IF(CALC!AA26>0,CALC!AA26-CS26,"-"),"-"),"-") -> - | CX26: =IF(SUM(CR26,CT26)>0,SUM(CR26,CT26),"-") -> - | DC26: =IFERROR(IF(DD26>0,CALC!AD26/DD26,"-"),"-") -> - | DD26: =IF(CZ26>0,IFERROR(IF(CALC!AC26>0,CALC!AC26-CZ26,"-"),"-"),"-") -> - | DE26: =IF(SUM(CY26,DA26)>0,SUM(CY26,DA26),"-") -> - | DJ26: =IFERROR(IF(DK26>0,CALC!AF26/DK26,"-"),"-") -> - | DK26: =IF(DG26>0,IFERROR(IF(CALC!AE26>0,CALC!AE26-DG26,"-"),"-"),"-") -> - | DL26: =IF(SUM(DF26,DH26)>0,SUM(DF26,DH26),"-") -> - | DQ26: =IFERROR(IF(DR26>0,CALC!AH26/DR26,"-"),"-") -> - | DR26: =IF(DN26>0,IFERROR(IF(CALC!AG26>0,CALC!AG26-DN26,"-"),"-"),"-") -> - | DS26: =IF(SUM(DM26,DO26)>0,SUM(DM26,DO26),"-") -> - | DX26: =IFERROR(IF(DY26>0,CALC!AJ26/DY26,"-"),"-") -> - | DY26: =IF(DU26>0,IFERROR(IF(CALC!AI26>0,CALC!AI26-DU26,"-"),"-"),"-") -> - | DZ26: =IF(SUM(DT26,DV26)>0,SUM(DT26,DV26),"-") -> - | EE26: =IFERROR(IF(EF26>0,CALC!AL26/EF26,"-"),"-") -> - | EF26: =IF(EB26>0,IFERROR(IF(CALC!AK26>0,CALC!AK26-EB26,"-"),"-"),"-") -> - | EG26: =IF(SUM(EA26,EC26)>0,SUM(EA26,EC26),"-") -> - | EL26: =IFERROR(IF(EM26>0,CALC!AN26/EM26,"-"),"-") -> - | EM26: =IF(EI26>0,IFERROR(IF(CALC!AM26>0,CALC!AM26-EI26,"-"),"-"),"-") -> - | EN26: =IF(SUM(EH26,EJ26)>0,SUM(EH26,EJ26),"-") -> - | ES26: =IFERROR(IF(ET26>0,CALC!AP26/ET26,"-"),"-") -> - | ET26: =IF(EP26>0,IFERROR(IF(CALC!AO26>0,CALC!AO26-EP26,"-"),"-"),"-") -> - | EU26: =IF(SUM(EO26,EQ26)>0,SUM(EO26,EQ26),"-") -> - | EZ26: =IFERROR(IF(FA26>0,CALC!AR26/FA26,"-"),"-") -> - | FA26: =IF(EW26>0,IFERROR(IF(CALC!AQ26>0,CALC!AQ26-EW26,"-"),"-"),"-") -> - | FB26: =IF(SUM(EV26,EX26)>0,SUM(EV26,EX26),"-") -> - | FG26: =IFERROR(IF(FH26>0,CALC!AT26/FH26,"-"),"-") -> - | FH26: =IF(FD26>0,IFERROR(IF(CALC!AS26>0,CALC!AS26-FD26,"-"),"-"),"-") -> - | FI26: =IF(SUM(FC26,FE26)>0,SUM(FC26,FE26),"-") -> - | FN26: =IFERROR(IF(FO26>0,CALC!AV26/FO26,"-"),"-") -> - | FO26: =IF(FK26>0,IFERROR(IF(CALC!AU26>0,CALC!AU26-FK26,"-"),"-"),"-") -> - | FP26: =IF(SUM(FJ26,FL26)>0,SUM(FJ26,FL26),"-") -> - | FU26: =IFERROR(IF(FV26>0,CALC!AX26/FV26,"-"),"-") -> - | FV26: =IF(FR26>0,IFERROR(IF(CALC!AW26>0,CALC!AW26-FR26,"-"),"-"),"-") -> - | FW26: =IF(SUM(FQ26,FS26)>0,SUM(FQ26,FS26),"-") -> - | GB26: =IFERROR(IF(GC26>0,CALC!AZ26/GC26,"-"),"-") -> - | GC26: =IF(FY26>0,IFERROR(IF(CALC!AY26>0,CALC!AY26-FY26,"-"),"-"),"-") -> - | GD26: =IF(SUM(FX26,FZ26)>0,SUM(FX26,FZ26),"-") -> - | GI26: =IFERROR(IF(GJ26>0,CALC!BB26/GJ26,"-"),"-") -> - | GJ26: =IF(GF26>0,IFERROR(IF(CALC!BA26>0,CALC!BA26-GF26,"-"),"-"),"-") -> - | GK26: =IF(SUM(GE26,GG26)>0,SUM(GE26,GG26),"-") -> - | GP26: =IFERROR(IF(GQ26>0,CALC!BD26/GQ26,"-"),"-") -> - | GQ26: =IF(GM26>0,IFERROR(IF(CALC!BC26>0,CALC!BC26-GM26,"-"),"-"),"-") -> - | GR26: =IF(SUM(GL26,GN26)>0,SUM(GL26,GN26),"-") -> - | GW26: =IFERROR(IF(GX26>0,CALC!BF26/GX26,"-"),"-") -> - | GX26: =IF(GT26>0,IFERROR(IF(CALC!BE26>0,CALC!BE26-GT26,"-"),"-"),"-") -> - | GY26: =IF(SUM(GS26,GU26)>0,SUM(GS26,GU26),"-") -> - | HD26: =IFERROR(IF(HE26>0,CALC!BH26/HE26,"-"),"-") -> - | HE26: =IF(HA26>0,IFERROR(IF(CALC!BG26>0,CALC!BG26-HA26,"-"),"-"),"-") -> - | HF26: =IF(SUM(GZ26,HB26)>0,SUM(GZ26,HB26),"-") -> - | HK26: =IFERROR(IF(HL26>0,CALC!BJ26/HL26,"-"),"-") -> - | HL26: =IF(HH26>0,IFERROR(IF(CALC!BI26>0,CALC!BI26-HH26,"-"),"-"),"-") -> - | HM26: =IF(SUM(HG26,HI26)>0,SUM(HG26,HI26),"-") -> - | HN26: =SUM(K26,R26,Y26,AF26,AM26,AT26,BA26,BH26,BO26,BV26,CC26,CJ26,CQ26,CX26,DE26,DL26,DS26,DZ26,EG26,EN26,EU26,FB26,FI26,FP26,FW26,GD26,GK26,GR26,GY26,HF26,HM26) -> 351 | HO26: =SUM(J26,Q26,X26,AE26,AL26,AS26,AZ26,BG26,BN26,BU26,CB26,CI26,CP26,CW26,DD26,DK26,DR26,DY26,EF26,EM26,ET26,FA26,FH26,FO26,FV26,GC26,GJ26,GQ26,GX26,HE26,HL26) -> 10.4 | HP26: =IFERROR(HN26/HO26,"") -> 33.75
D27: GC 02 | E27: 0 | F27: 31794.2 | I27: =IFERROR(IF(J27>0,CALC!B27/J27,"-"),"-") -> - | J27: =IF(F27>0,IFERROR(IF(CALC!A27>0,CALC!A27-F27,"-"),"-"),"-") -> - | K27: =IF(SUM(E27,G27)>0,SUM(E27,G27),"-") -> - | L27: 0 | M27: 31794.2 | P27: =IFERROR(IF(Q27>0,CALC!D27/Q27,"-"),"-") -> - | Q27: =IF(M27>0,IFERROR(IF(CALC!C27>0,CALC!C27-M27,"-"),"-"),"-") -> - | R27: =IF(SUM(L27,N27)>0,SUM(L27,N27),"-") -> - | S27: 0 | T27: 31794.2 | W27: =IFERROR(IF(X27>0,CALC!F27/X27,"-"),"-") -> - | X27: =IF(T27>0,IFERROR(IF(CALC!E27>0,CALC!E27-T27,"-"),"-"),"-") -> - | Y27: =IF(SUM(S27,U27)>0,SUM(S27,U27),"-") -> - | Z27: 0 | AA27: 31794.2 | AD27: =IFERROR(IF(AE27>0,CALC!H27/AE27,"-"),"-") -> - | AE27: =IF(AA27>0,IFERROR(IF(CALC!G27>0,CALC!G27-AA27,"-"),"-"),"-") -> - | AF27: =IF(SUM(Z27,AB27)>0,SUM(Z27,AB27),"-") -> - | AG27: 0 | AH27: 31794.2 | AK27: =IFERROR(IF(AL27>0,CALC!J27/AL27,"-"),"-") -> - | AL27: =IF(AH27>0,IFERROR(IF(CALC!I27>0,CALC!I27-AH27,"-"),"-"),"-") -> - | AM27: =IF(SUM(AG27,AI27)>0,SUM(AG27,AI27),"-") -> - | AR27: =IFERROR(IF(AS27>0,CALC!L27/AS27,"-"),"-") -> - | AS27: =IF(AO27>0,IFERROR(IF(CALC!K27>0,CALC!K27-AO27,"-"),"-"),"-") -> - | AT27: =IF(SUM(AN27,AP27)>0,SUM(AN27,AP27),"-") -> - | AY27: =IFERROR(IF(AZ27>0,CALC!N27/AZ27,"-"),"-") -> - | AZ27: =IF(AV27>0,IFERROR(IF(CALC!M27>0,CALC!M27-AV27,"-"),"-"),"-") -> - | BA27: =IF(SUM(AU27,AW27)>0,SUM(AU27,AW27),"-") -> - | BF27: =IFERROR(IF(BG27>0,CALC!P27/BG27,"-"),"-") -> - | BG27: =IF(BC27>0,IFERROR(IF(CALC!O27>0,CALC!O27-BC27,"-"),"-"),"-") -> - | BH27: =IF(SUM(BB27,BD27)>0,SUM(BB27,BD27),"-") -> - | BM27: =IFERROR(IF(BN27>0,CALC!R27/BN27,"-"),"-") -> - | BN27: =IF(BJ27>0,IFERROR(IF(CALC!Q27>0,CALC!Q27-BJ27,"-"),"-"),"-") -> - | BO27: =IF(SUM(BI27,BK27)>0,SUM(BI27,BK27),"-") -> - | BT27: =IFERROR(IF(BU27>0,CALC!T27/BU27,"-"),"-") -> - | BU27: =IF(BQ27>0,IFERROR(IF(CALC!S27>0,CALC!S27-BQ27,"-"),"-"),"-") -> - | BV27: =IF(SUM(BP27,BR27)>0,SUM(BP27,BR27),"-") -> - | CA27: =IFERROR(IF(CB27>0,CALC!V27/CB27,"-"),"-") -> - | CB27: =IF(BX27>0,IFERROR(IF(CALC!U27>0,CALC!U27-BX27,"-"),"-"),"-") -> - | CC27: =IF(SUM(BW27,BY27)>0,SUM(BW27,BY27),"-") -> - | CH27: =IFERROR(IF(CI27>0,CALC!X27/CI27,"-"),"-") -> - | CI27: =IF(CE27>0,IFERROR(IF(CALC!W27>0,CALC!W27-CE27,"-"),"-"),"-") -> - | CJ27: =IF(SUM(CD27,CF27)>0,SUM(CD27,CF27),"-") -> - | CO27: =IFERROR(IF(CP27>0,CALC!Z27/CP27,"-"),"-") -> - | CP27: =IF(CL27>0,IFERROR(IF(CALC!Y27>0,CALC!Y27-CL27,"-"),"-"),"-") -> - | CQ27: =IF(SUM(CK27,CM27)>0,SUM(CK27,CM27),"-") -> - | CV27: =IFERROR(IF(CW27>0,CALC!AB27/CW27,"-"),"-") -> - | CW27: =IF(CS27>0,IFERROR(IF(CALC!AA27>0,CALC!AA27-CS27,"-"),"-"),"-") -> - | CX27: =IF(SUM(CR27,CT27)>0,SUM(CR27,CT27),"-") -> - | DC27: =IFERROR(IF(DD27>0,CALC!AD27/DD27,"-"),"-") -> - | DD27: =IF(CZ27>0,IFERROR(IF(CALC!AC27>0,CALC!AC27-CZ27,"-"),"-"),"-") -> - | DE27: =IF(SUM(CY27,DA27)>0,SUM(CY27,DA27),"-") -> - | DJ27: =IFERROR(IF(DK27>0,CALC!AF27/DK27,"-"),"-") -> - | DK27: =IF(DG27>0,IFERROR(IF(CALC!AE27>0,CALC!AE27-DG27,"-"),"-"),"-") -> - | DL27: =IF(SUM(DF27,DH27)>0,SUM(DF27,DH27),"-") -> - | DQ27: =IFERROR(IF(DR27>0,CALC!AH27/DR27,"-"),"-") -> - | DR27: =IF(DN27>0,IFERROR(IF(CALC!AG27>0,CALC!AG27-DN27,"-"),"-"),"-") -> - | DS27: =IF(SUM(DM27,DO27)>0,SUM(DM27,DO27),"-") -> - | DX27: =IFERROR(IF(DY27>0,CALC!AJ27/DY27,"-"),"-") -> - | DY27: =IF(DU27>0,IFERROR(IF(CALC!AI27>0,CALC!AI27-DU27,"-"),"-"),"-") -> - | DZ27: =IF(SUM(DT27,DV27)>0,SUM(DT27,DV27),"-") -> - | EE27: =IFERROR(IF(EF27>0,CALC!AL27/EF27,"-"),"-") -> - | EF27: =IF(EB27>0,IFERROR(IF(CALC!AK27>0,CALC!AK27-EB27,"-"),"-"),"-") -> - | EG27: =IF(SUM(EA27,EC27)>0,SUM(EA27,EC27),"-") -> - | EL27: =IFERROR(IF(EM27>0,CALC!AN27/EM27,"-"),"-") -> - | EM27: =IF(EI27>0,IFERROR(IF(CALC!AM27>0,CALC!AM27-EI27,"-"),"-"),"-") -> - | EN27: =IF(SUM(EH27,EJ27)>0,SUM(EH27,EJ27),"-") -> - | ES27: =IFERROR(IF(ET27>0,CALC!AP27/ET27,"-"),"-") -> - | ET27: =IF(EP27>0,IFERROR(IF(CALC!AO27>0,CALC!AO27-EP27,"-"),"-"),"-") -> - | EU27: =IF(SUM(EO27,EQ27)>0,SUM(EO27,EQ27),"-") -> - | EZ27: =IFERROR(IF(FA27>0,CALC!AR27/FA27,"-"),"-") -> - | FA27: =IF(EW27>0,IFERROR(IF(CALC!AQ27>0,CALC!AQ27-EW27,"-"),"-"),"-") -> - | FB27: =IF(SUM(EV27,EX27)>0,SUM(EV27,EX27),"-") -> - | FG27: =IFERROR(IF(FH27>0,CALC!AT27/FH27,"-"),"-") -> - | FH27: =IF(FD27>0,IFERROR(IF(CALC!AS27>0,CALC!AS27-FD27,"-"),"-"),"-") -> - | FI27: =IF(SUM(FC27,FE27)>0,SUM(FC27,FE27),"-") -> - | FN27: =IFERROR(IF(FO27>0,CALC!AV27/FO27,"-"),"-") -> - | FO27: =IF(FK27>0,IFERROR(IF(CALC!AU27>0,CALC!AU27-FK27,"-"),"-"),"-") -> - | FP27: =IF(SUM(FJ27,FL27)>0,SUM(FJ27,FL27),"-") -> - | FU27: =IFERROR(IF(FV27>0,CALC!AX27/FV27,"-"),"-") -> - | FV27: =IF(FR27>0,IFERROR(IF(CALC!AW27>0,CALC!AW27-FR27,"-"),"-"),"-") -> - | FW27: =IF(SUM(FQ27,FS27)>0,SUM(FQ27,FS27),"-") -> - | GB27: =IFERROR(IF(GC27>0,CALC!AZ27/GC27,"-"),"-") -> - | GC27: =IF(FY27>0,IFERROR(IF(CALC!AY27>0,CALC!AY27-FY27,"-"),"-"),"-") -> - | GD27: =IF(SUM(FX27,FZ27)>0,SUM(FX27,FZ27),"-") -> - | GI27: =IFERROR(IF(GJ27>0,CALC!BB27/GJ27,"-"),"-") -> - | GJ27: =IF(GF27>0,IFERROR(IF(CALC!BA27>0,CALC!BA27-GF27,"-"),"-"),"-") -> - | GK27: =IF(SUM(GE27,GG27)>0,SUM(GE27,GG27),"-") -> - | GP27: =IFERROR(IF(GQ27>0,CALC!BD27/GQ27,"-"),"-") -> - | GQ27: =IF(GM27>0,IFERROR(IF(CALC!BC27>0,CALC!BC27-GM27,"-"),"-"),"-") -> - | GR27: =IF(SUM(GL27,GN27)>0,SUM(GL27,GN27),"-") -> - | GW27: =IFERROR(IF(GX27>0,CALC!BF27/GX27,"-"),"-") -> - | GX27: =IF(GT27>0,IFERROR(IF(CALC!BE27>0,CALC!BE27-GT27,"-"),"-"),"-") -> - | GY27: =IF(SUM(GS27,GU27)>0,SUM(GS27,GU27),"-") -> - | HD27: =IFERROR(IF(HE27>0,CALC!BH27/HE27,"-"),"-") -> - | HE27: =IF(HA27>0,IFERROR(IF(CALC!BG27>0,CALC!BG27-HA27,"-"),"-"),"-") -> - | HF27: =IF(SUM(GZ27,HB27)>0,SUM(GZ27,HB27),"-") -> - | HK27: =IFERROR(IF(HL27>0,CALC!BJ27/HL27,"-"),"-") -> - | HL27: =IF(HH27>0,IFERROR(IF(CALC!BI27>0,CALC!BI27-HH27,"-"),"-"),"-") -> - | HM27: =IF(SUM(HG27,HI27)>0,SUM(HG27,HI27),"-") -> - | HN27: =SUM(K27,R27,Y27,AF27,AM27,AT27,BA27,BH27,BO27,BV27,CC27,CJ27,CQ27,CX27,DE27,DL27,DS27,DZ27,EG27,EN27,EU27,FB27,FI27,FP27,FW27,GD27,GK27,GR27,GY27,HF27,HM27) -> 0 | HO27: =SUM(J27,Q27,X27,AE27,AL27,AS27,AZ27,BG27,BN27,BU27,CB27,CI27,CP27,CW27,DD27,DK27,DR27,DY27,EF27,EM27,ET27,FA27,FH27,FO27,FV27,GC27,GJ27,GQ27,GX27,HE27,HL27) -> 0 | HP27: =IFERROR(HN27/HO27,"")
D28: GC 03 | I28: =IFERROR(IF(J28>0,CALC!B28/J28,"-"),"-") -> - | J28: =IF(F28>0,IFERROR(IF(CALC!A28>0,CALC!A28-F28,"-"),"-"),"-") -> - | K28: =IF(SUM(E28,G28)>0,SUM(E28,G28),"-") -> - | P28: =IFERROR(IF(Q28>0,CALC!D28/Q28,"-"),"-") -> - | Q28: =IF(M28>0,IFERROR(IF(CALC!C28>0,CALC!C28-M28,"-"),"-"),"-") -> - | R28: =IF(SUM(L28,N28)>0,SUM(L28,N28),"-") -> - | W28: =IFERROR(IF(X28>0,CALC!F28/X28,"-"),"-") -> - | X28: =IF(T28>0,IFERROR(IF(CALC!E28>0,CALC!E28-T28,"-"),"-"),"-") -> - | Y28: =IF(SUM(S28,U28)>0,SUM(S28,U28),"-") -> - | AD28: =IFERROR(IF(AE28>0,CALC!H28/AE28,"-"),"-") -> - | AE28: =IF(AA28>0,IFERROR(IF(CALC!G28>0,CALC!G28-AA28,"-"),"-"),"-") -> - | AF28: =IF(SUM(Z28,AB28)>0,SUM(Z28,AB28),"-") -> - | AK28: =IFERROR(IF(AL28>0,CALC!J28/AL28,"-"),"-") -> - | AL28: =IF(AH28>0,IFERROR(IF(CALC!I28>0,CALC!I28-AH28,"-"),"-"),"-") -> - | AM28: =IF(SUM(AG28,AI28)>0,SUM(AG28,AI28),"-") -> - | AR28: =IFERROR(IF(AS28>0,CALC!L28/AS28,"-"),"-") -> - | AS28: =IF(AO28>0,IFERROR(IF(CALC!K28>0,CALC!K28-AO28,"-"),"-"),"-") -> - | AT28: =IF(SUM(AN28,AP28)>0,SUM(AN28,AP28),"-") -> - | AY28: =IFERROR(IF(AZ28>0,CALC!N28/AZ28,"-"),"-") -> - | AZ28: =IF(AV28>0,IFERROR(IF(CALC!M28>0,CALC!M28-AV28,"-"),"-"),"-") -> - | BA28: =IF(SUM(AU28,AW28)>0,SUM(AU28,AW28),"-") -> - | BF28: =IFERROR(IF(BG28>0,CALC!P28/BG28,"-"),"-") -> - | BG28: =IF(BC28>0,IFERROR(IF(CALC!O28>0,CALC!O28-BC28,"-"),"-"),"-") -> - | BH28: =IF(SUM(BB28,BD28)>0,SUM(BB28,BD28),"-") -> - | BM28: =IFERROR(IF(BN28>0,CALC!R28/BN28,"-"),"-") -> - | BN28: =IF(BJ28>0,IFERROR(IF(CALC!Q28>0,CALC!Q28-BJ28,"-"),"-"),"-") -> - | BO28: =IF(SUM(BI28,BK28)>0,SUM(BI28,BK28),"-") -> - | BT28: =IFERROR(IF(BU28>0,CALC!T28/BU28,"-"),"-") -> - | BU28: =IF(BQ28>0,IFERROR(IF(CALC!S28>0,CALC!S28-BQ28,"-"),"-"),"-") -> - | BV28: =IF(SUM(BP28,BR28)>0,SUM(BP28,BR28),"-") -> - | CA28: =IFERROR(IF(CB28>0,CALC!V28/CB28,"-"),"-") -> - | CB28: =IF(BX28>0,IFERROR(IF(CALC!U28>0,CALC!U28-BX28,"-"),"-"),"-") -> - | CC28: =IF(SUM(BW28,BY28)>0,SUM(BW28,BY28),"-") -> - | CH28: =IFERROR(IF(CI28>0,CALC!X28/CI28,"-"),"-") -> - | CI28: =IF(CE28>0,IFERROR(IF(CALC!W28>0,CALC!W28-CE28,"-"),"-"),"-") -> - | CJ28: =IF(SUM(CD28,CF28)>0,SUM(CD28,CF28),"-") -> - | CO28: =IFERROR(IF(CP28>0,CALC!Z28/CP28,"-"),"-") -> - | CP28: =IF(CL28>0,IFERROR(IF(CALC!Y28>0,CALC!Y28-CL28,"-"),"-"),"-") -> - | CQ28: =IF(SUM(CK28,CM28)>0,SUM(CK28,CM28),"-") -> - | CV28: =IFERROR(IF(CW28>0,CALC!AB28/CW28,"-"),"-") -> - | CW28: =IF(CS28>0,IFERROR(IF(CALC!AA28>0,CALC!AA28-CS28,"-"),"-"),"-") -> - | CX28: =IF(SUM(CR28,CT28)>0,SUM(CR28,CT28),"-") -> - | DC28: =IFERROR(IF(DD28>0,CALC!AD28/DD28,"-"),"-") -> - | DD28: =IF(CZ28>0,IFERROR(IF(CALC!AC28>0,CALC!AC28-CZ28,"-"),"-"),"-") -> - | DE28: =IF(SUM(CY28,DA28)>0,SUM(CY28,DA28),"-") -> - | DJ28: =IFERROR(IF(DK28>0,CALC!AF28/DK28,"-"),"-") -> - | DK28: =IF(DG28>0,IFERROR(IF(CALC!AE28>0,CALC!AE28-DG28,"-"),"-"),"-") -> - | DL28: =IF(SUM(DF28,DH28)>0,SUM(DF28,DH28),"-") -> - | DQ28: =IFERROR(IF(DR28>0,CALC!AH28/DR28,"-"),"-") -> - | DR28: =IF(DN28>0,IFERROR(IF(CALC!AG28>0,CALC!AG28-DN28,"-"),"-"),"-") -> - | DS28: =IF(SUM(DM28,DO28)>0,SUM(DM28,DO28),"-") -> - | DX28: =IFERROR(IF(DY28>0,CALC!AJ28/DY28,"-"),"-") -> - | DY28: =IF(DU28>0,IFERROR(IF(CALC!AI28>0,CALC!AI28-DU28,"-"),"-"),"-") -> - | DZ28: =IF(SUM(DT28,DV28)>0,SUM(DT28,DV28),"-") -> - | EE28: =IFERROR(IF(EF28>0,CALC!AL28/EF28,"-"),"-") -> - | EF28: =IF(EB28>0,IFERROR(IF(CALC!AK28>0,CALC!AK28-EB28,"-"),"-"),"-") -> - | EG28: =IF(SUM(EA28,EC28)>0,SUM(EA28,EC28),"-") -> - | EL28: =IFERROR(IF(EM28>0,CALC!AN28/EM28,"-"),"-") -> - | EM28: =IF(EI28>0,IFERROR(IF(CALC!AM28>0,CALC!AM28-EI28,"-"),"-"),"-") -> - | EN28: =IF(SUM(EH28,EJ28)>0,SUM(EH28,EJ28),"-") -> - | ES28: =IFERROR(IF(ET28>0,CALC!AP28/ET28,"-"),"-") -> - | ET28: =IF(EP28>0,IFERROR(IF(CALC!AO28>0,CALC!AO28-EP28,"-"),"-"),"-") -> - | EU28: =IF(SUM(EO28,EQ28)>0,SUM(EO28,EQ28),"-") -> - | EZ28: =IFERROR(IF(FA28>0,CALC!AR28/FA28,"-"),"-") -> - | FA28: =IF(EW28>0,IFERROR(IF(CALC!AQ28>0,CALC!AQ28-EW28,"-"),"-"),"-") -> - | FB28: =IF(SUM(EV28,EX28)>0,SUM(EV28,EX28),"-") -> - | FG28: =IFERROR(IF(FH28>0,CALC!AT28/FH28,"-"),"-") -> - | FH28: =IF(FD28>0,IFERROR(IF(CALC!AS28>0,CALC!AS28-FD28,"-"),"-"),"-") -> - | FI28: =IF(SUM(FC28,FE28)>0,SUM(FC28,FE28),"-") -> - | FN28: =IFERROR(IF(FO28>0,CALC!AV28/FO28,"-"),"-") -> - | FO28: =IF(FK28>0,IFERROR(IF(CALC!AU28>0,CALC!AU28-FK28,"-"),"-"),"-") -> - | FP28: =IF(SUM(FJ28,FL28)>0,SUM(FJ28,FL28),"-") -> - | FU28: =IFERROR(IF(FV28>0,CALC!AX28/FV28,"-"),"-") -> - | FV28: =IF(FR28>0,IFERROR(IF(CALC!AW28>0,CALC!AW28-FR28,"-"),"-"),"-") -> - | FW28: =IF(SUM(FQ28,FS28)>0,SUM(FQ28,FS28),"-") -> - | GB28: =IFERROR(IF(GC28>0,CALC!AZ28/GC28,"-"),"-") -> - | GC28: =IF(FY28>0,IFERROR(IF(CALC!AY28>0,CALC!AY28-FY28,"-"),"-"),"-") -> - | GD28: =IF(SUM(FX28,FZ28)>0,SUM(FX28,FZ28),"-") -> - | GI28: =IFERROR(IF(GJ28>0,CALC!BB28/GJ28,"-"),"-") -> - | GJ28: =IF(GF28>0,IFERROR(IF(CALC!BA28>0,CALC!BA28-GF28,"-"),"-"),"-") -> - | GK28: =IF(SUM(GE28,GG28)>0,SUM(GE28,GG28),"-") -> - | GP28: =IFERROR(IF(GQ28>0,CALC!BD28/GQ28,"-"),"-") -> - | GQ28: =IF(GM28>0,IFERROR(IF(CALC!BC28>0,CALC!BC28-GM28,"-"),"-"),"-") -> - | GR28: =IF(SUM(GL28,GN28)>0,SUM(GL28,GN28),"-") -> - | GW28: =IFERROR(IF(GX28>0,CALC!BF28/GX28,"-"),"-") -> - | GX28: =IF(GT28>0,IFERROR(IF(CALC!BE28>0,CALC!BE28-GT28,"-"),"-"),"-") -> - | GY28: =IF(SUM(GS28,GU28)>0,SUM(GS28,GU28),"-") -> - | HD28: =IFERROR(IF(HE28>0,CALC!BH28/HE28,"-"),"-") -> - | HE28: =IF(HA28>0,IFERROR(IF(CALC!BG28>0,CALC!BG28-HA28,"-"),"-"),"-") -> - | HF28: =IF(SUM(GZ28,HB28)>0,SUM(GZ28,HB28),"-") -> - | HK28: =IFERROR(IF(HL28>0,CALC!BJ28/HL28,"-"),"-") -> - | HL28: =IF(HH28>0,IFERROR(IF(CALC!BI28>0,CALC!BI28-HH28,"-"),"-"),"-") -> - | HM28: =IF(SUM(HG28,HI28)>0,SUM(HG28,HI28),"-") -> - | HN28: =SUM(K28,R28,Y28,AF28,AM28,AT28,BA28,BH28,BO28,BV28,CC28,CJ28,CQ28,CX28,DE28,DL28,DS28,DZ28,EG28,EN28,EU28,FB28,FI28,FP28,FW28,GD28,GK28,GR28,GY28,HF28,HM28) -> 0 | HO28: =SUM(J28,Q28,X28,AE28,AL28,AS28,AZ28,BG28,BN28,BU28,CB28,CI28,CP28,CW28,DD28,DK28,DR28,DY28,EF28,EM28,ET28,FA28,FH28,FO28,FV28,GC28,GJ28,GQ28,GX28,HE28,HL28) -> 0 | HP28: =IFERROR(HN28/HO28,"")
HN29: =SUM(K29,R29,Y29,AF29,AM29,AT29,BA29,BH29,BO29,BV29,CC29,CJ29,CQ29,CX29,DE29,DL29,DS29,DZ29,EG29,EN29,EU29,FB29,FI29,FP29,FW29,GD29,GK29,GR29) -> 0 | HO29: =SUM(J29,Q29,X29,AE29,AL29,AS29,AZ29,BG29,BN29,BU29,CB29,CI29,CP29,CW29,DD29,DK29,DR29,DY29,EF29,EM29,ET29,FA29,FH29,FO29,FV29,GC29,GJ29,GQ29) -> 0 | HP29: =IFERROR(HN29/HO29,"")
C30: Alat Penunjang Operasi | D30: TL 04 | I30: =IFERROR(IF(J30>0,CALC!B30/J30,"-"),"-") -> - | J30: =IF(F30>0,IFERROR(IF(CALC!A30>0,CALC!A30-F30,"-"),"-"),"-") -> - | K30: =IF(SUM(E30,G30)>0,SUM(E30,G30),"-") -> - | P30: =IFERROR(IF(Q30>0,CALC!D30/Q30,"-"),"-") -> - | Q30: =IF(M30>0,IFERROR(IF(CALC!C30>0,CALC!C30-M30,"-"),"-"),"-") -> - | R30: =IF(SUM(L30,N30)>0,SUM(L30,N30),"-") -> - | W30: =IFERROR(IF(X30>0,CALC!F30/X30,"-"),"-") -> - | X30: =IF(T30>0,IFERROR(IF(CALC!E30>0,CALC!E30-T30,"-"),"-"),"-") -> - | Y30: =IF(SUM(S30,U30)>0,SUM(S30,U30),"-") -> - | AD30: =IFERROR(IF(AE30>0,CALC!H30/AE30,"-"),"-") -> - | AE30: =IF(AA30>0,IFERROR(IF(CALC!G30>0,CALC!G30-AA30,"-"),"-"),"-") -> - | AF30: =IF(SUM(Z30,AB30)>0,SUM(Z30,AB30),"-") -> - | AK30: =IFERROR(IF(AL30>0,CALC!J30/AL30,"-"),"-") -> - | AL30: =IF(AH30>0,IFERROR(IF(CALC!I30>0,CALC!I30-AH30,"-"),"-"),"-") -> - | AM30: =IF(SUM(AG30,AI30)>0,SUM(AG30,AI30),"-") -> - | AR30: =IFERROR(IF(AS30>0,CALC!L30/AS30,"-"),"-") -> - | AS30: =IF(AO30>0,IFERROR(IF(CALC!K30>0,CALC!K30-AO30,"-"),"-"),"-") -> - | AT30: =IF(SUM(AN30,AP30)>0,SUM(AN30,AP30),"-") -> - | AY30: =IFERROR(IF(AZ30>0,CALC!N30/AZ30,"-"),"-") -> - | AZ30: =IF(AV30>0,IFERROR(IF(CALC!M30>0,CALC!M30-AV30,"-"),"-"),"-") -> - | BA30: =IF(SUM(AU30,AW30)>0,SUM(AU30,AW30),"-") -> - | BF30: =IFERROR(IF(BG30>0,CALC!P30/BG30,"-"),"-") -> - | BG30: =IF(BC30>0,IFERROR(IF(CALC!O30>0,CALC!O30-BC30,"-"),"-"),"-") -> - | BH30: =IF(SUM(BB30,BD30)>0,SUM(BB30,BD30),"-") -> - | BM30: =IFERROR(IF(BN30>0,CALC!R30/BN30,"-"),"-") -> - | BN30: =IF(BJ30>0,IFERROR(IF(CALC!Q30>0,CALC!Q30-BJ30,"-"),"-"),"-") -> - | BO30: =IF(SUM(BI30,BK30)>0,SUM(BI30,BK30),"-") -> - | BT30: =IFERROR(IF(BU30>0,CALC!T30/BU30,"-"),"-") -> - | BU30: =IF(BQ30>0,IFERROR(IF(CALC!S30>0,CALC!S30-BQ30,"-"),"-"),"-") -> - | BV30: =IF(SUM(BP30,BR30)>0,SUM(BP30,BR30),"-") -> - | CA30: =IFERROR(IF(CB30>0,CALC!V30/CB30,"-"),"-") -> - | CB30: =IF(BX30>0,IFERROR(IF(CALC!U30>0,CALC!U30-BX30,"-"),"-"),"-") -> - | CC30: =IF(SUM(BW30,BY30)>0,SUM(BW30,BY30),"-") -> - | CH30: =IFERROR(IF(CI30>0,CALC!X30/CI30,"-"),"-") -> - | CI30: =IF(CE30>0,IFERROR(IF(CALC!W30>0,CALC!W30-CE30,"-"),"-"),"-") -> - | CJ30: =IF(SUM(CD30,CF30)>0,SUM(CD30,CF30),"-") -> - | CO30: =IFERROR(IF(CP30>0,CALC!Z30/CP30,"-"),"-") -> - | CP30: =IF(CL30>0,IFERROR(IF(CALC!Y30>0,CALC!Y30-CL30,"-"),"-"),"-") -> - | CQ30: =IF(SUM(CK30,CM30)>0,SUM(CK30,CM30),"-") -> - | CV30: =IFERROR(IF(CW30>0,CALC!AB30/CW30,"-"),"-") -> - | CW30: =IF(CS30>0,IFERROR(IF(CALC!AA30>0,CALC!AA30-CS30,"-"),"-"),"-") -> - | CX30: =IF(SUM(CR30,CT30)>0,SUM(CR30,CT30),"-") -> - | DC30: =IFERROR(IF(DD30>0,CALC!AD30/DD30,"-"),"-") -> - | DD30: =IF(CZ30>0,IFERROR(IF(CALC!AC30>0,CALC!AC30-CZ30,"-"),"-"),"-") -> - | DE30: =IF(SUM(CY30,DA30)>0,SUM(CY30,DA30),"-") -> - | DJ30: =IFERROR(IF(DK30>0,CALC!AF30/DK30,"-"),"-") -> - | DK30: =IF(DG30>0,IFERROR(IF(CALC!AE30>0,CALC!AE30-DG30,"-"),"-"),"-") -> - | DL30: =IF(SUM(DF30,DH30)>0,SUM(DF30,DH30),"-") -> - | DQ30: =IFERROR(IF(DR30>0,CALC!AH30/DR30,"-"),"-") -> - | DR30: =IF(DN30>0,IFERROR(IF(CALC!AG30>0,CALC!AG30-DN30,"-"),"-"),"-") -> - | DS30: =IF(SUM(DM30,DO30)>0,SUM(DM30,DO30),"-") -> - | DX30: =IFERROR(IF(DY30>0,CALC!AJ30/DY30,"-"),"-") -> - | DY30: =IF(DU30>0,IFERROR(IF(CALC!AI30>0,CALC!AI30-DU30,"-"),"-"),"-") -> - | DZ30: =IF(SUM(DT30,DV30)>0,SUM(DT30,DV30),"-") -> - | EE30: =IFERROR(IF(EF30>0,CALC!AL30/EF30,"-"),"-") -> - | EF30: =IF(EB30>0,IFERROR(IF(CALC!AK30>0,CALC!AK30-EB30,"-"),"-"),"-") -> - | EG30: =IF(SUM(EA30,EC30)>0,SUM(EA30,EC30),"-") -> - | EL30: =IFERROR(IF(EM30>0,CALC!AN30/EM30,"-"),"-") -> - | EM30: =IF(EI30>0,IFERROR(IF(CALC!AM30>0,CALC!AM30-EI30,"-"),"-"),"-") -> - | EN30: =IF(SUM(EH30,EJ30)>0,SUM(EH30,EJ30),"-") -> - | ES30: =IFERROR(IF(ET30>0,CALC!AP30/ET30,"-"),"-") -> - | ET30: =IF(EP30>0,IFERROR(IF(CALC!AO30>0,CALC!AO30-EP30,"-"),"-"),"-") -> - | EU30: =IF(SUM(EO30,EQ30)>0,SUM(EO30,EQ30),"-") -> - | EZ30: =IFERROR(IF(FA30>0,CALC!AR30/FA30,"-"),"-") -> - | FA30: =IF(EW30>0,IFERROR(IF(CALC!AQ30>0,CALC!AQ30-EW30,"-"),"-"),"-") -> - | FB30: =IF(SUM(EV30,EX30)>0,SUM(EV30,EX30),"-") -> - | FG30: =IFERROR(IF(FH30>0,CALC!AT30/FH30,"-"),"-") -> - | FH30: =IF(FD30>0,IFERROR(IF(CALC!AS30>0,CALC!AS30-FD30,"-"),"-"),"-") -> - | FI30: =IF(SUM(FC30,FE30)>0,SUM(FC30,FE30),"-") -> - | FN30: =IFERROR(IF(FO30>0,CALC!AV30/FO30,"-"),"-") -> - | FO30: =IF(FK30>0,IFERROR(IF(CALC!AU30>0,CALC!AU30-FK30,"-"),"-"),"-") -> - | FP30: =IF(SUM(FJ30,FL30)>0,SUM(FJ30,FL30),"-") -> - | FU30: =IFERROR(IF(FV30>0,CALC!AX30/FV30,"-"),"-") -> - | FV30: =IF(FR30>0,IFERROR(IF(CALC!AW30>0,CALC!AW30-FR30,"-"),"-"),"-") -> - | FW30: =IF(SUM(FQ30,FS30)>0,SUM(FQ30,FS30),"-") -> - | GB30: =IFERROR(IF(GC30>0,CALC!AZ30/GC30,"-"),"-") -> - | GC30: =IF(FY30>0,IFERROR(IF(CALC!AY30>0,CALC!AY30-FY30,"-"),"-"),"-") -> - | GD30: =IF(SUM(FX30,FZ30)>0,SUM(FX30,FZ30),"-") -> - | GI30: =IFERROR(IF(GJ30>0,CALC!BB30/GJ30,"-"),"-") -> - | GJ30: =IF(GF30>0,IFERROR(IF(CALC!BA30>0,CALC!BA30-GF30,"-"),"-"),"-") -> - | GK30: =IF(SUM(GE30,GG30)>0,SUM(GE30,GG30),"-") -> - | GP30: =IFERROR(IF(GQ30>0,CALC!BD30/GQ30,"-"),"-") -> - | GQ30: =IF(GM30>0,IFERROR(IF(CALC!BC30>0,CALC!BC30-GM30,"-"),"-"),"-") -> - | GR30: =IF(SUM(GL30,GN30)>0,SUM(GL30,GN30),"-") -> - | GW30: =IFERROR(IF(GX30>0,CALC!BF30/GX30,"-"),"-") -> - | GX30: =IF(GT30>0,IFERROR(IF(CALC!BE30>0,CALC!BE30-GT30,"-"),"-"),"-") -> - | GY30: =IF(SUM(GS30,GU30)>0,SUM(GS30,GU30),"-") -> - | HD30: =IFERROR(IF(HE30>0,CALC!BH30/HE30,"-"),"-") -> - | HE30: =IF(HA30>0,IFERROR(IF(CALC!BG30>0,CALC!BG30-HA30,"-"),"-"),"-") -> - | HF30: =IF(SUM(GZ30,HB30)>0,SUM(GZ30,HB30),"-") -> - | HK30: =IFERROR(IF(HL30>0,CALC!BJ30/HL30,"-"),"-") -> - | HL30: =IF(HH30>0,IFERROR(IF(CALC!BI30>0,CALC!BI30-HH30,"-"),"-"),"-") -> - | HM30: =IF(SUM(HG30,HI30)>0,SUM(HG30,HI30),"-") -> - | HN30: =SUM(K30,R30,Y30,AF30,AM30,AT30,BA30,BH30,BO30,BV30,CC30,CJ30,CQ30,CX30,DE30,DL30,DS30,DZ30,EG30,EN30,EU30,FB30,FI30,FP30,FW30,GD30,GK30,GR30,GY30,HF30,HM30) -> 0 | HO30: =SUM(J30,Q30,X30,AE30,AL30,AS30,AZ30,BG30,BN30,BU30,CB30,CI30,CP30,CW30,DD30,DK30,DR30,DY30,EF30,EM30,ET30,FA30,FH30,FO30,FV30,GC30,GJ30,GQ30,GX30,HE30,HL30) -> 0 | HP30: =IFERROR(HN30/HO30,"")
D31: TL 06 | I31: =IFERROR(IF(J31>0,CALC!B31/J31,"-"),"-") -> - | J31: =IF(F31>0,IFERROR(IF(CALC!A31>0,CALC!A31-F31,"-"),"-"),"-") -> - | K31: =IF(SUM(E31,G31)>0,SUM(E31,G31),"-") -> - | P31: =IFERROR(IF(Q31>0,CALC!D31/Q31,"-"),"-") -> - | Q31: =IF(M31>0,IFERROR(IF(CALC!C31>0,CALC!C31-M31,"-"),"-"),"-") -> - | R31: =IF(SUM(L31,N31)>0,SUM(L31,N31),"-") -> - | W31: =IFERROR(IF(X31>0,CALC!F31/X31,"-"),"-") -> - | X31: =IF(T31>0,IFERROR(IF(CALC!E31>0,CALC!E31-T31,"-"),"-"),"-") -> - | Y31: =IF(SUM(S31,U31)>0,SUM(S31,U31),"-") -> - | AD31: =IFERROR(IF(AE31>0,CALC!H31/AE31,"-"),"-") -> - | AE31: =IF(AA31>0,IFERROR(IF(CALC!G31>0,CALC!G31-AA31,"-"),"-"),"-") -> - | AF31: =IF(SUM(Z31,AB31)>0,SUM(Z31,AB31),"-") -> - | AK31: =IFERROR(IF(AL31>0,CALC!J31/AL31,"-"),"-") -> - | AL31: =IF(AH31>0,IFERROR(IF(CALC!I31>0,CALC!I31-AH31,"-"),"-"),"-") -> - | AM31: =IF(SUM(AG31,AI31)>0,SUM(AG31,AI31),"-") -> - | AR31: =IFERROR(IF(AS31>0,CALC!L31/AS31,"-"),"-") -> - | AS31: =IF(AO31>0,IFERROR(IF(CALC!K31>0,CALC!K31-AO31,"-"),"-"),"-") -> - | AT31: =IF(SUM(AN31,AP31)>0,SUM(AN31,AP31),"-") -> - | AY31: =IFERROR(IF(AZ31>0,CALC!N31/AZ31,"-"),"-") -> - | AZ31: =IF(AV31>0,IFERROR(IF(CALC!M31>0,CALC!M31-AV31,"-"),"-"),"-") -> - | BA31: =IF(SUM(AU31,AW31)>0,SUM(AU31,AW31),"-") -> - | BF31: =IFERROR(IF(BG31>0,CALC!P31/BG31,"-"),"-") -> - | BG31: =IF(BC31>0,IFERROR(IF(CALC!O31>0,CALC!O31-BC31,"-"),"-"),"-") -> - | BH31: =IF(SUM(BB31,BD31)>0,SUM(BB31,BD31),"-") -> - | BM31: =IFERROR(IF(BN31>0,CALC!R31/BN31,"-"),"-") -> - | BN31: =IF(BJ31>0,IFERROR(IF(CALC!Q31>0,CALC!Q31-BJ31,"-"),"-"),"-") -> - | BO31: =IF(SUM(BI31,BK31)>0,SUM(BI31,BK31),"-") -> - | BT31: =IFERROR(IF(BU31>0,CALC!T31/BU31,"-"),"-") -> - | BU31: =IF(BQ31>0,IFERROR(IF(CALC!S31>0,CALC!S31-BQ31,"-"),"-"),"-") -> - | BV31: =IF(SUM(BP31,BR31)>0,SUM(BP31,BR31),"-") -> - | CA31: =IFERROR(IF(CB31>0,CALC!V31/CB31,"-"),"-") -> - | CB31: =IF(BX31>0,IFERROR(IF(CALC!U31>0,CALC!U31-BX31,"-"),"-"),"-") -> - | CC31: =IF(SUM(BW31,BY31)>0,SUM(BW31,BY31),"-") -> - | CH31: =IFERROR(IF(CI31>0,CALC!X31/CI31,"-"),"-") -> - | CI31: =IF(CE31>0,IFERROR(IF(CALC!W31>0,CALC!W31-CE31,"-"),"-"),"-") -> - | CJ31: =IF(SUM(CD31,CF31)>0,SUM(CD31,CF31),"-") -> - | CO31: =IFERROR(IF(CP31>0,CALC!Z31/CP31,"-"),"-") -> - | CP31: =IF(CL31>0,IFERROR(IF(CALC!Y31>0,CALC!Y31-CL31,"-"),"-"),"-") -> - | CQ31: =IF(SUM(CK31,CM31)>0,SUM(CK31,CM31),"-") -> - | CV31: =IFERROR(IF(CW31>0,CALC!AB31/CW31,"-"),"-") -> - | CW31: =IF(CS31>0,IFERROR(IF(CALC!AA31>0,CALC!AA31-CS31,"-"),"-"),"-") -> - | CX31: =IF(SUM(CR31,CT31)>0,SUM(CR31,CT31),"-") -> - | DC31: =IFERROR(IF(DD31>0,CALC!AD31/DD31,"-"),"-") -> - | DD31: =IF(CZ31>0,IFERROR(IF(CALC!AC31>0,CALC!AC31-CZ31,"-"),"-"),"-") -> - | DE31: =IF(SUM(CY31,DA31)>0,SUM(CY31,DA31),"-") -> - | DJ31: =IFERROR(IF(DK31>0,CALC!AF31/DK31,"-"),"-") -> - | DK31: =IF(DG31>0,IFERROR(IF(CALC!AE31>0,CALC!AE31-DG31,"-"),"-"),"-") -> - | DL31: =IF(SUM(DF31,DH31)>0,SUM(DF31,DH31),"-") -> - | DQ31: =IFERROR(IF(DR31>0,CALC!AH31/DR31,"-"),"-") -> - | DR31: =IF(DN31>0,IFERROR(IF(CALC!AG31>0,CALC!AG31-DN31,"-"),"-"),"-") -> - | DS31: =IF(SUM(DM31,DO31)>0,SUM(DM31,DO31),"-") -> - | DX31: =IFERROR(IF(DY31>0,CALC!AJ31/DY31,"-"),"-") -> - | DY31: =IF(DU31>0,IFERROR(IF(CALC!AI31>0,CALC!AI31-DU31,"-"),"-"),"-") -> - | DZ31: =IF(SUM(DT31,DV31)>0,SUM(DT31,DV31),"-") -> - | EE31: =IFERROR(IF(EF31>0,CALC!AL31/EF31,"-"),"-") -> - | EF31: =IF(EB31>0,IFERROR(IF(CALC!AK31>0,CALC!AK31-EB31,"-"),"-"),"-") -> - | EG31: =IF(SUM(EA31,EC31)>0,SUM(EA31,EC31),"-") -> - | EL31: =IFERROR(IF(EM31>0,CALC!AN31/EM31,"-"),"-") -> - | EM31: =IF(EI31>0,IFERROR(IF(CALC!AM31>0,CALC!AM31-EI31,"-"),"-"),"-") -> - | EN31: =IF(SUM(EH31,EJ31)>0,SUM(EH31,EJ31),"-") -> - | ES31: =IFERROR(IF(ET31>0,CALC!AP31/ET31,"-"),"-") -> - | ET31: =IF(EP31>0,IFERROR(IF(CALC!AO31>0,CALC!AO31-EP31,"-"),"-"),"-") -> - | EU31: =IF(SUM(EO31,EQ31)>0,SUM(EO31,EQ31),"-") -> - | EZ31: =IFERROR(IF(FA31>0,CALC!AR31/FA31,"-"),"-") -> - | FA31: =IF(EW31>0,IFERROR(IF(CALC!AQ31>0,CALC!AQ31-EW31,"-"),"-"),"-") -> - | FB31: =IF(SUM(EV31,EX31)>0,SUM(EV31,EX31),"-") -> - | FG31: =IFERROR(IF(FH31>0,CALC!AT31/FH31,"-"),"-") -> - | FH31: =IF(FD31>0,IFERROR(IF(CALC!AS31>0,CALC!AS31-FD31,"-"),"-"),"-") -> - | FI31: =IF(SUM(FC31,FE31)>0,SUM(FC31,FE31),"-") -> - | FN31: =IFERROR(IF(FO31>0,CALC!AV31/FO31,"-"),"-") -> - | FO31: =IF(FK31>0,IFERROR(IF(CALC!AU31>0,CALC!AU31-FK31,"-"),"-"),"-") -> - | FP31: =IF(SUM(FJ31,FL31)>0,SUM(FJ31,FL31),"-") -> - | FU31: =IFERROR(IF(FV31>0,CALC!AX31/FV31,"-"),"-") -> - | FV31: =IF(FR31>0,IFERROR(IF(CALC!AW31>0,CALC!AW31-FR31,"-"),"-"),"-") -> - | FW31: =IF(SUM(FQ31,FS31)>0,SUM(FQ31,FS31),"-") -> - | GB31: =IFERROR(IF(GC31>0,CALC!AZ31/GC31,"-"),"-") -> - | GC31: =IF(FY31>0,IFERROR(IF(CALC!AY31>0,CALC!AY31-FY31,"-"),"-"),"-") -> - | GD31: =IF(SUM(FX31,FZ31)>0,SUM(FX31,FZ31),"-") -> - | GI31: =IFERROR(IF(GJ31>0,CALC!BB31/GJ31,"-"),"-") -> - | GJ31: =IF(GF31>0,IFERROR(IF(CALC!BA31>0,CALC!BA31-GF31,"-"),"-"),"-") -> - | GK31: =IF(SUM(GE31,GG31)>0,SUM(GE31,GG31),"-") -> - | GP31: =IFERROR(IF(GQ31>0,CALC!BD31/GQ31,"-"),"-") -> - | GQ31: =IF(GM31>0,IFERROR(IF(CALC!BC31>0,CALC!BC31-GM31,"-"),"-"),"-") -> - | GR31: =IF(SUM(GL31,GN31)>0,SUM(GL31,GN31),"-") -> - | GW31: =IFERROR(IF(GX31>0,CALC!BF31/GX31,"-"),"-") -> - | GX31: =IF(GT31>0,IFERROR(IF(CALC!BE31>0,CALC!BE31-GT31,"-"),"-"),"-") -> - | GY31: =IF(SUM(GS31,GU31)>0,SUM(GS31,GU31),"-") -> - | HD31: =IFERROR(IF(HE31>0,CALC!BH31/HE31,"-"),"-") -> - | HE31: =IF(HA31>0,IFERROR(IF(CALC!BG31>0,CALC!BG31-HA31,"-"),"-"),"-") -> - | HF31: =IF(SUM(GZ31,HB31)>0,SUM(GZ31,HB31),"-") -> - | HK31: =IFERROR(IF(HL31>0,CALC!BJ31/HL31,"-"),"-") -> - | HL31: =IF(HH31>0,IFERROR(IF(CALC!BI31>0,CALC!BI31-HH31,"-"),"-"),"-") -> - | HM31: =IF(SUM(HG31,HI31)>0,SUM(HG31,HI31),"-") -> - | HN31: =SUM(K31,R31,Y31,AF31,AM31,AT31,BA31,BH31,BO31,BV31,CC31,CJ31,CQ31,CX31,DE31,DL31,DS31,DZ31,EG31,EN31,EU31,FB31,FI31,FP31,FW31,GD31,GK31,GR31,GY31,HF31,HM31) -> 0 | HO31: =SUM(J31,Q31,X31,AE31,AL31,AS31,AZ31,BG31,BN31,BU31,CB31,CI31,CP31,CW31,DD31,DK31,DR31,DY31,EF31,EM31,ET31,FA31,FH31,FO31,FV31,GC31,GJ31,GQ31,GX31,HE31,HL31) -> 0 | HP31: =IFERROR(HN31/HO31,"")
D32: TL 07 | I32: =IFERROR(IF(J32>0,CALC!B32/J32,"-"),"-") -> - | J32: =IF(F32>0,IFERROR(IF(CALC!A32>0,CALC!A32-F32,"-"),"-"),"-") -> - | K32: =IF(SUM(E32,G32)>0,SUM(E32,G32),"-") -> - | P32: =IFERROR(IF(Q32>0,CALC!D32/Q32,"-"),"-") -> - | Q32: =IF(M32>0,IFERROR(IF(CALC!C32>0,CALC!C32-M32,"-"),"-"),"-") -> - | R32: =IF(SUM(L32,N32)>0,SUM(L32,N32),"-") -> - | W32: =IFERROR(IF(X32>0,CALC!F32/X32,"-"),"-") -> - | X32: =IF(T32>0,IFERROR(IF(CALC!E32>0,CALC!E32-T32,"-"),"-"),"-") -> - | Y32: =IF(SUM(S32,U32)>0,SUM(S32,U32),"-") -> - | AD32: =IFERROR(IF(AE32>0,CALC!H32/AE32,"-"),"-") -> - | AE32: =IF(AA32>0,IFERROR(IF(CALC!G32>0,CALC!G32-AA32,"-"),"-"),"-") -> - | AF32: =IF(SUM(Z32,AB32)>0,SUM(Z32,AB32),"-") -> - | AK32: =IFERROR(IF(AL32>0,CALC!J32/AL32,"-"),"-") -> - | AL32: =IF(AH32>0,IFERROR(IF(CALC!I32>0,CALC!I32-AH32,"-"),"-"),"-") -> - | AM32: =IF(SUM(AG32,AI32)>0,SUM(AG32,AI32),"-") -> - | AR32: =IFERROR(IF(AS32>0,CALC!L32/AS32,"-"),"-") -> - | AS32: =IF(AO32>0,IFERROR(IF(CALC!K32>0,CALC!K32-AO32,"-"),"-"),"-") -> - | AT32: =IF(SUM(AN32,AP32)>0,SUM(AN32,AP32),"-") -> - | AY32: =IFERROR(IF(AZ32>0,CALC!N32/AZ32,"-"),"-") -> - | AZ32: =IF(AV32>0,IFERROR(IF(CALC!M32>0,CALC!M32-AV32,"-"),"-"),"-") -> - | BA32: =IF(SUM(AU32,AW32)>0,SUM(AU32,AW32),"-") -> - | BF32: =IFERROR(IF(BG32>0,CALC!P32/BG32,"-"),"-") -> - | BG32: =IF(BC32>0,IFERROR(IF(CALC!O32>0,CALC!O32-BC32,"-"),"-"),"-") -> - | BH32: =IF(SUM(BB32,BD32)>0,SUM(BB32,BD32),"-") -> - | BM32: =IFERROR(IF(BN32>0,CALC!R32/BN32,"-"),"-") -> - | BN32: =IF(BJ32>0,IFERROR(IF(CALC!Q32>0,CALC!Q32-BJ32,"-"),"-"),"-") -> - | BO32: =IF(SUM(BI32,BK32)>0,SUM(BI32,BK32),"-") -> - | BT32: =IFERROR(IF(BU32>0,CALC!T32/BU32,"-"),"-") -> - | BU32: =IF(BQ32>0,IFERROR(IF(CALC!S32>0,CALC!S32-BQ32,"-"),"-"),"-") -> - | BV32: =IF(SUM(BP32,BR32)>0,SUM(BP32,BR32),"-") -> - | CA32: =IFERROR(IF(CB32>0,CALC!V32/CB32,"-"),"-") -> - | CB32: =IF(BX32>0,IFERROR(IF(CALC!U32>0,CALC!U32-BX32,"-"),"-"),"-") -> - | CC32: =IF(SUM(BW32,BY32)>0,SUM(BW32,BY32),"-") -> - | CH32: =IFERROR(IF(CI32>0,CALC!X32/CI32,"-"),"-") -> - | CI32: =IF(CE32>0,IFERROR(IF(CALC!W32>0,CALC!W32-CE32,"-"),"-"),"-") -> - | CJ32: =IF(SUM(CD32,CF32)>0,SUM(CD32,CF32),"-") -> - | CO32: =IFERROR(IF(CP32>0,CALC!Z32/CP32,"-"),"-") -> - | CP32: =IF(CL32>0,IFERROR(IF(CALC!Y32>0,CALC!Y32-CL32,"-"),"-"),"-") -> - | CQ32: =IF(SUM(CK32,CM32)>0,SUM(CK32,CM32),"-") -> - | CV32: =IFERROR(IF(CW32>0,CALC!AB32/CW32,"-"),"-") -> - | CW32: =IF(CS32>0,IFERROR(IF(CALC!AA32>0,CALC!AA32-CS32,"-"),"-"),"-") -> - | CX32: =IF(SUM(CR32,CT32)>0,SUM(CR32,CT32),"-") -> - | DC32: =IFERROR(IF(DD32>0,CALC!AD32/DD32,"-"),"-") -> - | DD32: =IF(CZ32>0,IFERROR(IF(CALC!AC32>0,CALC!AC32-CZ32,"-"),"-"),"-") -> - | DE32: =IF(SUM(CY32,DA32)>0,SUM(CY32,DA32),"-") -> - | DJ32: =IFERROR(IF(DK32>0,CALC!AF32/DK32,"-"),"-") -> - | DK32: =IF(DG32>0,IFERROR(IF(CALC!AE32>0,CALC!AE32-DG32,"-"),"-"),"-") -> - | DL32: =IF(SUM(DF32,DH32)>0,SUM(DF32,DH32),"-") -> - | DQ32: =IFERROR(IF(DR32>0,CALC!AH32/DR32,"-"),"-") -> - | DR32: =IF(DN32>0,IFERROR(IF(CALC!AG32>0,CALC!AG32-DN32,"-"),"-"),"-") -> - | DS32: =IF(SUM(DM32,DO32)>0,SUM(DM32,DO32),"-") -> - | DX32: =IFERROR(IF(DY32>0,CALC!AJ32/DY32,"-"),"-") -> - | DY32: =IF(DU32>0,IFERROR(IF(CALC!AI32>0,CALC!AI32-DU32,"-"),"-"),"-") -> - | DZ32: =IF(SUM(DT32,DV32)>0,SUM(DT32,DV32),"-") -> - | EE32: =IFERROR(IF(EF32>0,CALC!AL32/EF32,"-"),"-") -> - | EF32: =IF(EB32>0,IFERROR(IF(CALC!AK32>0,CALC!AK32-EB32,"-"),"-"),"-") -> - | EG32: =IF(SUM(EA32,EC32)>0,SUM(EA32,EC32),"-") -> - | EL32: =IFERROR(IF(EM32>0,CALC!AN32/EM32,"-"),"-") -> - | EM32: =IF(EI32>0,IFERROR(IF(CALC!AM32>0,CALC!AM32-EI32,"-"),"-"),"-") -> - | EN32: =IF(SUM(EH32,EJ32)>0,SUM(EH32,EJ32),"-") -> - | ES32: =IFERROR(IF(ET32>0,CALC!AP32/ET32,"-"),"-") -> - | ET32: =IF(EP32>0,IFERROR(IF(CALC!AO32>0,CALC!AO32-EP32,"-"),"-"),"-") -> - | EU32: =IF(SUM(EO32,EQ32)>0,SUM(EO32,EQ32),"-") -> - | EZ32: =IFERROR(IF(FA32>0,CALC!AR32/FA32,"-"),"-") -> - | FA32: =IF(EW32>0,IFERROR(IF(CALC!AQ32>0,CALC!AQ32-EW32,"-"),"-"),"-") -> - | FB32: =IF(SUM(EV32,EX32)>0,SUM(EV32,EX32),"-") -> - | FG32: =IFERROR(IF(FH32>0,CALC!AT32/FH32,"-"),"-") -> - | FH32: =IF(FD32>0,IFERROR(IF(CALC!AS32>0,CALC!AS32-FD32,"-"),"-"),"-") -> - | FI32: =IF(SUM(FC32,FE32)>0,SUM(FC32,FE32),"-") -> - | FN32: =IFERROR(IF(FO32>0,CALC!AV32/FO32,"-"),"-") -> - | FO32: =IF(FK32>0,IFERROR(IF(CALC!AU32>0,CALC!AU32-FK32,"-"),"-"),"-") -> - | FP32: =IF(SUM(FJ32,FL32)>0,SUM(FJ32,FL32),"-") -> - | FU32: =IFERROR(IF(FV32>0,CALC!AX32/FV32,"-"),"-") -> - | FV32: =IF(FR32>0,IFERROR(IF(CALC!AW32>0,CALC!AW32-FR32,"-"),"-"),"-") -> - | FW32: =IF(SUM(FQ32,FS32)>0,SUM(FQ32,FS32),"-") -> - | GB32: =IFERROR(IF(GC32>0,CALC!AZ32/GC32,"-"),"-") -> - | GC32: =IF(FY32>0,IFERROR(IF(CALC!AY32>0,CALC!AY32-FY32,"-"),"-"),"-") -> - | GD32: =IF(SUM(FX32,FZ32)>0,SUM(FX32,FZ32),"-") -> - | GI32: =IFERROR(IF(GJ32>0,CALC!BB32/GJ32,"-"),"-") -> - | GJ32: =IF(GF32>0,IFERROR(IF(CALC!BA32>0,CALC!BA32-GF32,"-"),"-"),"-") -> - | GK32: =IF(SUM(GE32,GG32)>0,SUM(GE32,GG32),"-") -> - | GP32: =IFERROR(IF(GQ32>0,CALC!BD32/GQ32,"-"),"-") -> - | GQ32: =IF(GM32>0,IFERROR(IF(CALC!BC32>0,CALC!BC32-GM32,"-"),"-"),"-") -> - | GR32: =IF(SUM(GL32,GN32)>0,SUM(GL32,GN32),"-") -> - | GW32: =IFERROR(IF(GX32>0,CALC!BF32/GX32,"-"),"-") -> - | GX32: =IF(GT32>0,IFERROR(IF(CALC!BE32>0,CALC!BE32-GT32,"-"),"-"),"-") -> - | GY32: =IF(SUM(GS32,GU32)>0,SUM(GS32,GU32),"-") -> - | HD32: =IFERROR(IF(HE32>0,CALC!BH32/HE32,"-"),"-") -> - | HE32: =IF(HA32>0,IFERROR(IF(CALC!BG32>0,CALC!BG32-HA32,"-"),"-"),"-") -> - | HF32: =IF(SUM(GZ32,HB32)>0,SUM(GZ32,HB32),"-") -> - | HK32: =IFERROR(IF(HL32>0,CALC!BJ32/HL32,"-"),"-") -> - | HL32: =IF(HH32>0,IFERROR(IF(CALC!BI32>0,CALC!BI32-HH32,"-"),"-"),"-") -> - | HM32: =IF(SUM(HG32,HI32)>0,SUM(HG32,HI32),"-") -> - | HN32: =SUM(K32,R32,Y32,AF32,AM32,AT32,BA32,BH32,BO32,BV32,CC32,CJ32,CQ32,CX32,DE32,DL32,DS32,DZ32,EG32,EN32,EU32,FB32,FI32,FP32,FW32,GD32,GK32,GR32,GY32,HF32,HM32) -> 0 | HO32: =SUM(J32,Q32,X32,AE32,AL32,AS32,AZ32,BG32,BN32,BU32,CB32,CI32,CP32,CW32,DD32,DK32,DR32,DY32,EF32,EM32,ET32,FA32,FH32,FO32,FV32,GC32,GJ32,GQ32,GX32,HE32,HL32) -> 0 | HP32: =IFERROR(HN32/HO32,"")
D33: TL 09 | I33: =IFERROR(IF(J33>0,CALC!B33/J33,"-"),"-") -> - | J33: =IF(F33>0,IFERROR(IF(CALC!A33>0,CALC!A33-F33,"-"),"-"),"-") -> - | K33: =IF(SUM(E33,G33)>0,SUM(E33,G33),"-") -> - | P33: =IFERROR(IF(Q33>0,CALC!D33/Q33,"-"),"-") -> - | Q33: =IF(M33>0,IFERROR(IF(CALC!C33>0,CALC!C33-M33,"-"),"-"),"-") -> - | R33: =IF(SUM(L33,N33)>0,SUM(L33,N33),"-") -> - | W33: =IFERROR(IF(X33>0,CALC!F33/X33,"-"),"-") -> - | X33: =IF(T33>0,IFERROR(IF(CALC!E33>0,CALC!E33-T33,"-"),"-"),"-") -> - | Y33: =IF(SUM(S33,U33)>0,SUM(S33,U33),"-") -> - | AD33: =IFERROR(IF(AE33>0,CALC!H33/AE33,"-"),"-") -> - | AE33: =IF(AA33>0,IFERROR(IF(CALC!G33>0,CALC!G33-AA33,"-"),"-"),"-") -> - | AF33: =IF(SUM(Z33,AB33)>0,SUM(Z33,AB33),"-") -> - | AK33: =IFERROR(IF(AL33>0,CALC!J33/AL33,"-"),"-") -> - | AL33: =IF(AH33>0,IFERROR(IF(CALC!I33>0,CALC!I33-AH33,"-"),"-"),"-") -> - | AM33: =IF(SUM(AG33,AI33)>0,SUM(AG33,AI33),"-") -> - | AR33: =IFERROR(IF(AS33>0,CALC!L33/AS33,"-"),"-") -> - | AS33: =IF(AO33>0,IFERROR(IF(CALC!K33>0,CALC!K33-AO33,"-"),"-"),"-") -> - | AT33: =IF(SUM(AN33,AP33)>0,SUM(AN33,AP33),"-") -> - | AY33: =IFERROR(IF(AZ33>0,CALC!N33/AZ33,"-"),"-") -> - | AZ33: =IF(AV33>0,IFERROR(IF(CALC!M33>0,CALC!M33-AV33,"-"),"-"),"-") -> - | BA33: =IF(SUM(AU33,AW33)>0,SUM(AU33,AW33),"-") -> - | BF33: =IFERROR(IF(BG33>0,CALC!P33/BG33,"-"),"-") -> - | BG33: =IF(BC33>0,IFERROR(IF(CALC!O33>0,CALC!O33-BC33,"-"),"-"),"-") -> - | BH33: =IF(SUM(BB33,BD33)>0,SUM(BB33,BD33),"-") -> - | BM33: =IFERROR(IF(BN33>0,CALC!R33/BN33,"-"),"-") -> - | BN33: =IF(BJ33>0,IFERROR(IF(CALC!Q33>0,CALC!Q33-BJ33,"-"),"-"),"-") -> - | BO33: =IF(SUM(BI33,BK33)>0,SUM(BI33,BK33),"-") -> - | BT33: =IFERROR(IF(BU33>0,CALC!T33/BU33,"-"),"-") -> - | BU33: =IF(BQ33>0,IFERROR(IF(CALC!S33>0,CALC!S33-BQ33,"-"),"-"),"-") -> - | BV33: =IF(SUM(BP33,BR33)>0,SUM(BP33,BR33),"-") -> - | CA33: =IFERROR(IF(CB33>0,CALC!V33/CB33,"-"),"-") -> - | CB33: =IF(BX33>0,IFERROR(IF(CALC!U33>0,CALC!U33-BX33,"-"),"-"),"-") -> - | CC33: =IF(SUM(BW33,BY33)>0,SUM(BW33,BY33),"-") -> - | CH33: =IFERROR(IF(CI33>0,CALC!X33/CI33,"-"),"-") -> - | CI33: =IF(CE33>0,IFERROR(IF(CALC!W33>0,CALC!W33-CE33,"-"),"-"),"-") -> - | CJ33: =IF(SUM(CD33,CF33)>0,SUM(CD33,CF33),"-") -> - | CO33: =IFERROR(IF(CP33>0,CALC!Z33/CP33,"-"),"-") -> - | CP33: =IF(CL33>0,IFERROR(IF(CALC!Y33>0,CALC!Y33-CL33,"-"),"-"),"-") -> - | CQ33: =IF(SUM(CK33,CM33)>0,SUM(CK33,CM33),"-") -> - | CV33: =IFERROR(IF(CW33>0,CALC!AB33/CW33,"-"),"-") -> - | CW33: =IF(CS33>0,IFERROR(IF(CALC!AA33>0,CALC!AA33-CS33,"-"),"-"),"-") -> - | CX33: =IF(SUM(CR33,CT33)>0,SUM(CR33,CT33),"-") -> - | DC33: =IFERROR(IF(DD33>0,CALC!AD33/DD33,"-"),"-") -> - | DD33: =IF(CZ33>0,IFERROR(IF(CALC!AC33>0,CALC!AC33-CZ33,"-"),"-"),"-") -> - | DE33: =IF(SUM(CY33,DA33)>0,SUM(CY33,DA33),"-") -> - | DJ33: =IFERROR(IF(DK33>0,CALC!AF33/DK33,"-"),"-") -> - | DK33: =IF(DG33>0,IFERROR(IF(CALC!AE33>0,CALC!AE33-DG33,"-"),"-"),"-") -> - | DL33: =IF(SUM(DF33,DH33)>0,SUM(DF33,DH33),"-") -> - | DQ33: =IFERROR(IF(DR33>0,CALC!AH33/DR33,"-"),"-") -> - | DR33: =IF(DN33>0,IFERROR(IF(CALC!AG33>0,CALC!AG33-DN33,"-"),"-"),"-") -> - | DS33: =IF(SUM(DM33,DO33)>0,SUM(DM33,DO33),"-") -> - | DX33: =IFERROR(IF(DY33>0,CALC!AJ33/DY33,"-"),"-") -> - | DY33: =IF(DU33>0,IFERROR(IF(CALC!AI33>0,CALC!AI33-DU33,"-"),"-"),"-") -> - | DZ33: =IF(SUM(DT33,DV33)>0,SUM(DT33,DV33),"-") -> - | EE33: =IFERROR(IF(EF33>0,CALC!AL33/EF33,"-"),"-") -> - | EF33: =IF(EB33>0,IFERROR(IF(CALC!AK33>0,CALC!AK33-EB33,"-"),"-"),"-") -> - | EG33: =IF(SUM(EA33,EC33)>0,SUM(EA33,EC33),"-") -> - | EL33: =IFERROR(IF(EM33>0,CALC!AN33/EM33,"-"),"-") -> - | EM33: =IF(EI33>0,IFERROR(IF(CALC!AM33>0,CALC!AM33-EI33,"-"),"-"),"-") -> - | EN33: =IF(SUM(EH33,EJ33)>0,SUM(EH33,EJ33),"-") -> - | ES33: =IFERROR(IF(ET33>0,CALC!AP33/ET33,"-"),"-") -> - | ET33: =IF(EP33>0,IFERROR(IF(CALC!AO33>0,CALC!AO33-EP33,"-"),"-"),"-") -> - | EU33: =IF(SUM(EO33,EQ33)>0,SUM(EO33,EQ33),"-") -> - | EZ33: =IFERROR(IF(FA33>0,CALC!AR33/FA33,"-"),"-") -> - | FA33: =IF(EW33>0,IFERROR(IF(CALC!AQ33>0,CALC!AQ33-EW33,"-"),"-"),"-") -> - | FB33: =IF(SUM(EV33,EX33)>0,SUM(EV33,EX33),"-") -> - | FG33: =IFERROR(IF(FH33>0,CALC!AT33/FH33,"-"),"-") -> - | FH33: =IF(FD33>0,IFERROR(IF(CALC!AS33>0,CALC!AS33-FD33,"-"),"-"),"-") -> - | FI33: =IF(SUM(FC33,FE33)>0,SUM(FC33,FE33),"-") -> - | FN33: =IFERROR(IF(FO33>0,CALC!AV33/FO33,"-"),"-") -> - | FO33: =IF(FK33>0,IFERROR(IF(CALC!AU33>0,CALC!AU33-FK33,"-"),"-"),"-") -> - | FP33: =IF(SUM(FJ33,FL33)>0,SUM(FJ33,FL33),"-") -> - | FU33: =IFERROR(IF(FV33>0,CALC!AX33/FV33,"-"),"-") -> - | FV33: =IF(FR33>0,IFERROR(IF(CALC!AW33>0,CALC!AW33-FR33,"-"),"-"),"-") -> - | FW33: =IF(SUM(FQ33,FS33)>0,SUM(FQ33,FS33),"-") -> - | GB33: =IFERROR(IF(GC33>0,CALC!AZ33/GC33,"-"),"-") -> - | GC33: =IF(FY33>0,IFERROR(IF(CALC!AY33>0,CALC!AY33-FY33,"-"),"-"),"-") -> - | GD33: =IF(SUM(FX33,FZ33)>0,SUM(FX33,FZ33),"-") -> - | GI33: =IFERROR(IF(GJ33>0,CALC!BB33/GJ33,"-"),"-") -> - | GJ33: =IF(GF33>0,IFERROR(IF(CALC!BA33>0,CALC!BA33-GF33,"-"),"-"),"-") -> - | GK33: =IF(SUM(GE33,GG33)>0,SUM(GE33,GG33),"-") -> - | GP33: =IFERROR(IF(GQ33>0,CALC!BD33/GQ33,"-"),"-") -> - | GQ33: =IF(GM33>0,IFERROR(IF(CALC!BC33>0,CALC!BC33-GM33,"-"),"-"),"-") -> - | GR33: =IF(SUM(GL33,GN33)>0,SUM(GL33,GN33),"-") -> - | GW33: =IFERROR(IF(GX33>0,CALC!BF33/GX33,"-"),"-") -> - | GX33: =IF(GT33>0,IFERROR(IF(CALC!BE33>0,CALC!BE33-GT33,"-"),"-"),"-") -> - | GY33: =IF(SUM(GS33,GU33)>0,SUM(GS33,GU33),"-") -> - | HD33: =IFERROR(IF(HE33>0,CALC!BH33/HE33,"-"),"-") -> - | HE33: =IF(HA33>0,IFERROR(IF(CALC!BG33>0,CALC!BG33-HA33,"-"),"-"),"-") -> - | HF33: =IF(SUM(GZ33,HB33)>0,SUM(GZ33,HB33),"-") -> - | HK33: =IFERROR(IF(HL33>0,CALC!BJ33/HL33,"-"),"-") -> - | HL33: =IF(HH33>0,IFERROR(IF(CALC!BI33>0,CALC!BI33-HH33,"-"),"-"),"-") -> - | HM33: =IF(SUM(HG33,HI33)>0,SUM(HG33,HI33),"-") -> - | HN33: =SUM(K33,R33,Y33,AF33,AM33,AT33,BA33,BH33,BO33,BV33,CC33,CJ33,CQ33,CX33,DE33,DL33,DS33,DZ33,EG33,EN33,EU33,FB33,FI33,FP33,FW33,GD33,GK33,GR33,GY33,HF33,HM33) -> 0 | HO33: =SUM(J33,Q33,X33,AE33,AL33,AS33,AZ33,BG33,BN33,BU33,CB33,CI33,CP33,CW33,DD33,DK33,DR33,DY33,EF33,EM33,ET33,FA33,FH33,FO33,FV33,GC33,GJ33,GQ33,GX33,HE33,HL33) -> 0 | HP33: =IFERROR(HN33/HO33,"")
D34: TL 10 | I34: =IFERROR(IF(J34>0,CALC!B34/J34,"-"),"-") -> - | J34: =IF(F34>0,IFERROR(IF(CALC!A34>0,CALC!A34-F34,"-"),"-"),"-") -> - | K34: =IF(SUM(E34,G34)>0,SUM(E34,G34),"-") -> - | P34: =IFERROR(IF(Q34>0,CALC!D34/Q34,"-"),"-") -> - | Q34: =IF(M34>0,IFERROR(IF(CALC!C34>0,CALC!C34-M34,"-"),"-"),"-") -> - | R34: =IF(SUM(L34,N34)>0,SUM(L34,N34),"-") -> - | W34: =IFERROR(IF(X34>0,CALC!F34/X34,"-"),"-") -> - | X34: =IF(T34>0,IFERROR(IF(CALC!E34>0,CALC!E34-T34,"-"),"-"),"-") -> - | Y34: =IF(SUM(S34,U34)>0,SUM(S34,U34),"-") -> - | AD34: =IFERROR(IF(AE34>0,CALC!H34/AE34,"-"),"-") -> - | AE34: =IF(AA34>0,IFERROR(IF(CALC!G34>0,CALC!G34-AA34,"-"),"-"),"-") -> - | AF34: =IF(SUM(Z34,AB34)>0,SUM(Z34,AB34),"-") -> - | AK34: =IFERROR(IF(AL34>0,CALC!J34/AL34,"-"),"-") -> - | AL34: =IF(AH34>0,IFERROR(IF(CALC!I34>0,CALC!I34-AH34,"-"),"-"),"-") -> - | AM34: =IF(SUM(AG34,AI34)>0,SUM(AG34,AI34),"-") -> - | AR34: =IFERROR(IF(AS34>0,CALC!L34/AS34,"-"),"-") -> - | AS34: =IF(AO34>0,IFERROR(IF(CALC!K34>0,CALC!K34-AO34,"-"),"-"),"-") -> - | AT34: =IF(SUM(AN34,AP34)>0,SUM(AN34,AP34),"-") -> - | AY34: =IFERROR(IF(AZ34>0,CALC!N34/AZ34,"-"),"-") -> - | AZ34: =IF(AV34>0,IFERROR(IF(CALC!M34>0,CALC!M34-AV34,"-"),"-"),"-") -> - | BA34: =IF(SUM(AU34,AW34)>0,SUM(AU34,AW34),"-") -> - | BF34: =IFERROR(IF(BG34>0,CALC!P34/BG34,"-"),"-") -> - | BG34: =IF(BC34>0,IFERROR(IF(CALC!O34>0,CALC!O34-BC34,"-"),"-"),"-") -> - | BH34: =IF(SUM(BB34,BD34)>0,SUM(BB34,BD34),"-") -> - | BM34: =IFERROR(IF(BN34>0,CALC!R34/BN34,"-"),"-") -> - | BN34: =IF(BJ34>0,IFERROR(IF(CALC!Q34>0,CALC!Q34-BJ34,"-"),"-"),"-") -> - | BO34: =IF(SUM(BI34,BK34)>0,SUM(BI34,BK34),"-") -> - | BT34: =IFERROR(IF(BU34>0,CALC!T34/BU34,"-"),"-") -> - | BU34: =IF(BQ34>0,IFERROR(IF(CALC!S34>0,CALC!S34-BQ34,"-"),"-"),"-") -> - | BV34: =IF(SUM(BP34,BR34)>0,SUM(BP34,BR34),"-") -> - | CA34: =IFERROR(IF(CB34>0,CALC!V34/CB34,"-"),"-") -> - | CB34: =IF(BX34>0,IFERROR(IF(CALC!U34>0,CALC!U34-BX34,"-"),"-"),"-") -> - | CC34: =IF(SUM(BW34,BY34)>0,SUM(BW34,BY34),"-") -> - | CH34: =IFERROR(IF(CI34>0,CALC!X34/CI34,"-"),"-") -> - | CI34: =IF(CE34>0,IFERROR(IF(CALC!W34>0,CALC!W34-CE34,"-"),"-"),"-") -> - | CJ34: =IF(SUM(CD34,CF34)>0,SUM(CD34,CF34),"-") -> - | CO34: =IFERROR(IF(CP34>0,CALC!Z34/CP34,"-"),"-") -> - | CP34: =IF(CL34>0,IFERROR(IF(CALC!Y34>0,CALC!Y34-CL34,"-"),"-"),"-") -> - | CQ34: =IF(SUM(CK34,CM34)>0,SUM(CK34,CM34),"-") -> - | CV34: =IFERROR(IF(CW34>0,CALC!AB34/CW34,"-"),"-") -> - | CW34: =IF(CS34>0,IFERROR(IF(CALC!AA34>0,CALC!AA34-CS34,"-"),"-"),"-") -> - | CX34: =IF(SUM(CR34,CT34)>0,SUM(CR34,CT34),"-") -> - | DC34: =IFERROR(IF(DD34>0,CALC!AD34/DD34,"-"),"-") -> - | DD34: =IF(CZ34>0,IFERROR(IF(CALC!AC34>0,CALC!AC34-CZ34,"-"),"-"),"-") -> - | DE34: =IF(SUM(CY34,DA34)>0,SUM(CY34,DA34),"-") -> - | DJ34: =IFERROR(IF(DK34>0,CALC!AF34/DK34,"-"),"-") -> - | DK34: =IF(DG34>0,IFERROR(IF(CALC!AE34>0,CALC!AE34-DG34,"-"),"-"),"-") -> - | DL34: =IF(SUM(DF34,DH34)>0,SUM(DF34,DH34),"-") -> - | DQ34: =IFERROR(IF(DR34>0,CALC!AH34/DR34,"-"),"-") -> - | DR34: =IF(DN34>0,IFERROR(IF(CALC!AG34>0,CALC!AG34-DN34,"-"),"-"),"-") -> - | DS34: =IF(SUM(DM34,DO34)>0,SUM(DM34,DO34),"-") -> - | DX34: =IFERROR(IF(DY34>0,CALC!AJ34/DY34,"-"),"-") -> - | DY34: =IF(DU34>0,IFERROR(IF(CALC!AI34>0,CALC!AI34-DU34,"-"),"-"),"-") -> - | DZ34: =IF(SUM(DT34,DV34)>0,SUM(DT34,DV34),"-") -> - | EE34: =IFERROR(IF(EF34>0,CALC!AL34/EF34,"-"),"-") -> - | EF34: =IF(EB34>0,IFERROR(IF(CALC!AK34>0,CALC!AK34-EB34,"-"),"-"),"-") -> - | EG34: =IF(SUM(EA34,EC34)>0,SUM(EA34,EC34),"-") -> - | EL34: =IFERROR(IF(EM34>0,CALC!AN34/EM34,"-"),"-") -> - | EM34: =IF(EI34>0,IFERROR(IF(CALC!AM34>0,CALC!AM34-EI34,"-"),"-"),"-") -> - | EN34: =IF(SUM(EH34,EJ34)>0,SUM(EH34,EJ34),"-") -> - | ES34: =IFERROR(IF(ET34>0,CALC!AP34/ET34,"-"),"-") -> - | ET34: =IF(EP34>0,IFERROR(IF(CALC!AO34>0,CALC!AO34-EP34,"-"),"-"),"-") -> - | EU34: =IF(SUM(EO34,EQ34)>0,SUM(EO34,EQ34),"-") -> - | EZ34: =IFERROR(IF(FA34>0,CALC!AR34/FA34,"-"),"-") -> - | FA34: =IF(EW34>0,IFERROR(IF(CALC!AQ34>0,CALC!AQ34-EW34,"-"),"-"),"-") -> - | FB34: =IF(SUM(EV34,EX34)>0,SUM(EV34,EX34),"-") -> - | FG34: =IFERROR(IF(FH34>0,CALC!AT34/FH34,"-"),"-") -> - | FH34: =IF(FD34>0,IFERROR(IF(CALC!AS34>0,CALC!AS34-FD34,"-"),"-"),"-") -> - | FI34: =IF(SUM(FC34,FE34)>0,SUM(FC34,FE34),"-") -> - | FN34: =IFERROR(IF(FO34>0,CALC!AV34/FO34,"-"),"-") -> - | FO34: =IF(FK34>0,IFERROR(IF(CALC!AU34>0,CALC!AU34-FK34,"-"),"-"),"-") -> - | FP34: =IF(SUM(FJ34,FL34)>0,SUM(FJ34,FL34),"-") -> - | FU34: =IFERROR(IF(FV34>0,CALC!AX34/FV34,"-"),"-") -> - | FV34: =IF(FR34>0,IFERROR(IF(CALC!AW34>0,CALC!AW34-FR34,"-"),"-"),"-") -> - | FW34: =IF(SUM(FQ34,FS34)>0,SUM(FQ34,FS34),"-") -> - | GB34: =IFERROR(IF(GC34>0,CALC!AZ34/GC34,"-"),"-") -> - | GC34: =IF(FY34>0,IFERROR(IF(CALC!AY34>0,CALC!AY34-FY34,"-"),"-"),"-") -> - | GD34: =IF(SUM(FX34,FZ34)>0,SUM(FX34,FZ34),"-") -> - | GI34: =IFERROR(IF(GJ34>0,CALC!BB34/GJ34,"-"),"-") -> - | GJ34: =IF(GF34>0,IFERROR(IF(CALC!BA34>0,CALC!BA34-GF34,"-"),"-"),"-") -> - | GK34: =IF(SUM(GE34,GG34)>0,SUM(GE34,GG34),"-") -> - | GP34: =IFERROR(IF(GQ34>0,CALC!BD34/GQ34,"-"),"-") -> - | GQ34: =IF(GM34>0,IFERROR(IF(CALC!BC34>0,CALC!BC34-GM34,"-"),"-"),"-") -> - | GR34: =IF(SUM(GL34,GN34)>0,SUM(GL34,GN34),"-") -> - | GW34: =IFERROR(IF(GX34>0,CALC!BF34/GX34,"-"),"-") -> - | GX34: =IF(GT34>0,IFERROR(IF(CALC!BE34>0,CALC!BE34-GT34,"-"),"-"),"-") -> - | GY34: =IF(SUM(GS34,GU34)>0,SUM(GS34,GU34),"-") -> - | HD34: =IFERROR(IF(HE34>0,CALC!BH34/HE34,"-"),"-") -> - | HE34: =IF(HA34>0,IFERROR(IF(CALC!BG34>0,CALC!BG34-HA34,"-"),"-"),"-") -> - | HF34: =IF(SUM(GZ34,HB34)>0,SUM(GZ34,HB34),"-") -> - | HK34: =IFERROR(IF(HL34>0,CALC!BJ34/HL34,"-"),"-") -> - | HL34: =IF(HH34>0,IFERROR(IF(CALC!BI34>0,CALC!BI34-HH34,"-"),"-"),"-") -> - | HM34: =IF(SUM(HG34,HI34)>0,SUM(HG34,HI34),"-") -> - | HN34: =SUM(K34,R34,Y34,AF34,AM34,AT34,BA34,BH34,BO34,BV34,CC34,CJ34,CQ34,CX34,DE34,DL34,DS34,DZ34,EG34,EN34,EU34,FB34,FI34,FP34,FW34,GD34,GK34,GR34,GY34,HF34,HM34) -> 0 | HO34: =SUM(J34,Q34,X34,AE34,AL34,AS34,AZ34,BG34,BN34,BU34,CB34,CI34,CP34,CW34,DD34,DK34,DR34,DY34,EF34,EM34,ET34,FA34,FH34,FO34,FV34,GC34,GJ34,GQ34,GX34,HE34,HL34) -> 0 | HP34: =IFERROR(HN34/HO34,"")
D35: TL 11 | I35: =IFERROR(IF(J35>0,CALC!B35/J35,"-"),"-") -> - | J35: =IF(F35>0,IFERROR(IF(CALC!A35>0,CALC!A35-F35,"-"),"-"),"-") -> - | K35: =IF(SUM(E35,G35)>0,SUM(E35,G35),"-") -> - | P35: =IFERROR(IF(Q35>0,CALC!D35/Q35,"-"),"-") -> - | Q35: =IF(M35>0,IFERROR(IF(CALC!C35>0,CALC!C35-M35,"-"),"-"),"-") -> - | R35: =IF(SUM(L35,N35)>0,SUM(L35,N35),"-") -> - | W35: =IFERROR(IF(X35>0,CALC!F35/X35,"-"),"-") -> - | X35: =IF(T35>0,IFERROR(IF(CALC!E35>0,CALC!E35-T35,"-"),"-"),"-") -> - | Y35: =IF(SUM(S35,U35)>0,SUM(S35,U35),"-") -> - | AD35: =IFERROR(IF(AE35>0,CALC!H35/AE35,"-"),"-") -> - | AE35: =IF(AA35>0,IFERROR(IF(CALC!G35>0,CALC!G35-AA35,"-"),"-"),"-") -> - | AF35: =IF(SUM(Z35,AB35)>0,SUM(Z35,AB35),"-") -> - | AK35: =IFERROR(IF(AL35>0,CALC!J35/AL35,"-"),"-") -> - | AL35: =IF(AH35>0,IFERROR(IF(CALC!I35>0,CALC!I35-AH35,"-"),"-"),"-") -> - | AM35: =IF(SUM(AG35,AI35)>0,SUM(AG35,AI35),"-") -> - | AR35: =IFERROR(IF(AS35>0,CALC!L35/AS35,"-"),"-") -> - | AS35: =IF(AO35>0,IFERROR(IF(CALC!K35>0,CALC!K35-AO35,"-"),"-"),"-") -> - | AT35: =IF(SUM(AN35,AP35)>0,SUM(AN35,AP35),"-") -> - | AY35: =IFERROR(IF(AZ35>0,CALC!N35/AZ35,"-"),"-") -> - | AZ35: =IF(AV35>0,IFERROR(IF(CALC!M35>0,CALC!M35-AV35,"-"),"-"),"-") -> - | BA35: =IF(SUM(AU35,AW35)>0,SUM(AU35,AW35),"-") -> - | BF35: =IFERROR(IF(BG35>0,CALC!P35/BG35,"-"),"-") -> - | BG35: =IF(BC35>0,IFERROR(IF(CALC!O35>0,CALC!O35-BC35,"-"),"-"),"-") -> - | BH35: =IF(SUM(BB35,BD35)>0,SUM(BB35,BD35),"-") -> - | BM35: =IFERROR(IF(BN35>0,CALC!R35/BN35,"-"),"-") -> - | BN35: =IF(BJ35>0,IFERROR(IF(CALC!Q35>0,CALC!Q35-BJ35,"-"),"-"),"-") -> - | BO35: =IF(SUM(BI35,BK35)>0,SUM(BI35,BK35),"-") -> - | BT35: =IFERROR(IF(BU35>0,CALC!T35/BU35,"-"),"-") -> - | BU35: =IF(BQ35>0,IFERROR(IF(CALC!S35>0,CALC!S35-BQ35,"-"),"-"),"-") -> - | BV35: =IF(SUM(BP35,BR35)>0,SUM(BP35,BR35),"-") -> - | CA35: =IFERROR(IF(CB35>0,CALC!V35/CB35,"-"),"-") -> - | CB35: =IF(BX35>0,IFERROR(IF(CALC!U35>0,CALC!U35-BX35,"-"),"-"),"-") -> - | CC35: =IF(SUM(BW35,BY35)>0,SUM(BW35,BY35),"-") -> - | CH35: =IFERROR(IF(CI35>0,CALC!X35/CI35,"-"),"-") -> - | CI35: =IF(CE35>0,IFERROR(IF(CALC!W35>0,CALC!W35-CE35,"-"),"-"),"-") -> - | CJ35: =IF(SUM(CD35,CF35)>0,SUM(CD35,CF35),"-") -> - | CO35: =IFERROR(IF(CP35>0,CALC!Z35/CP35,"-"),"-") -> - | CP35: =IF(CL35>0,IFERROR(IF(CALC!Y35>0,CALC!Y35-CL35,"-"),"-"),"-") -> - | CQ35: =IF(SUM(CK35,CM35)>0,SUM(CK35,CM35),"-") -> - | CV35: =IFERROR(IF(CW35>0,CALC!AB35/CW35,"-"),"-") -> - | CW35: =IF(CS35>0,IFERROR(IF(CALC!AA35>0,CALC!AA35-CS35,"-"),"-"),"-") -> - | CX35: =IF(SUM(CR35,CT35)>0,SUM(CR35,CT35),"-") -> - | DC35: =IFERROR(IF(DD35>0,CALC!AD35/DD35,"-"),"-") -> - | DD35: =IF(CZ35>0,IFERROR(IF(CALC!AC35>0,CALC!AC35-CZ35,"-"),"-"),"-") -> - | DE35: =IF(SUM(CY35,DA35)>0,SUM(CY35,DA35),"-") -> - | DJ35: =IFERROR(IF(DK35>0,CALC!AF35/DK35,"-"),"-") -> - | DK35: =IF(DG35>0,IFERROR(IF(CALC!AE35>0,CALC!AE35-DG35,"-"),"-"),"-") -> - | DL35: =IF(SUM(DF35,DH35)>0,SUM(DF35,DH35),"-") -> - | DQ35: =IFERROR(IF(DR35>0,CALC!AH35/DR35,"-"),"-") -> - | DR35: =IF(DN35>0,IFERROR(IF(CALC!AG35>0,CALC!AG35-DN35,"-"),"-"),"-") -> - | DS35: =IF(SUM(DM35,DO35)>0,SUM(DM35,DO35),"-") -> - | DX35: =IFERROR(IF(DY35>0,CALC!AJ35/DY35,"-"),"-") -> - | DY35: =IF(DU35>0,IFERROR(IF(CALC!AI35>0,CALC!AI35-DU35,"-"),"-"),"-") -> - | DZ35: =IF(SUM(DT35,DV35)>0,SUM(DT35,DV35),"-") -> - | EE35: =IFERROR(IF(EF35>0,CALC!AL35/EF35,"-"),"-") -> - | EF35: =IF(EB35>0,IFERROR(IF(CALC!AK35>0,CALC!AK35-EB35,"-"),"-"),"-") -> - | EG35: =IF(SUM(EA35,EC35)>0,SUM(EA35,EC35),"-") -> - | EL35: =IFERROR(IF(EM35>0,CALC!AN35/EM35,"-"),"-") -> - | EM35: =IF(EI35>0,IFERROR(IF(CALC!AM35>0,CALC!AM35-EI35,"-"),"-"),"-") -> - | EN35: =IF(SUM(EH35,EJ35)>0,SUM(EH35,EJ35),"-") -> - | ES35: =IFERROR(IF(ET35>0,CALC!AP35/ET35,"-"),"-") -> - | ET35: =IF(EP35>0,IFERROR(IF(CALC!AO35>0,CALC!AO35-EP35,"-"),"-"),"-") -> - | EU35: =IF(SUM(EO35,EQ35)>0,SUM(EO35,EQ35),"-") -> - | EZ35: =IFERROR(IF(FA35>0,CALC!AR35/FA35,"-"),"-") -> - | FA35: =IF(EW35>0,IFERROR(IF(CALC!AQ35>0,CALC!AQ35-EW35,"-"),"-"),"-") -> - | FB35: =IF(SUM(EV35,EX35)>0,SUM(EV35,EX35),"-") -> - | FG35: =IFERROR(IF(FH35>0,CALC!AT35/FH35,"-"),"-") -> - | FH35: =IF(FD35>0,IFERROR(IF(CALC!AS35>0,CALC!AS35-FD35,"-"),"-"),"-") -> - | FI35: =IF(SUM(FC35,FE35)>0,SUM(FC35,FE35),"-") -> - | FN35: =IFERROR(IF(FO35>0,CALC!AV35/FO35,"-"),"-") -> - | FO35: =IF(FK35>0,IFERROR(IF(CALC!AU35>0,CALC!AU35-FK35,"-"),"-"),"-") -> - | FP35: =IF(SUM(FJ35,FL35)>0,SUM(FJ35,FL35),"-") -> - | FU35: =IFERROR(IF(FV35>0,CALC!AX35/FV35,"-"),"-") -> - | FV35: =IF(FR35>0,IFERROR(IF(CALC!AW35>0,CALC!AW35-FR35,"-"),"-"),"-") -> - | FW35: =IF(SUM(FQ35,FS35)>0,SUM(FQ35,FS35),"-") -> - | GB35: =IFERROR(IF(GC35>0,CALC!AZ35/GC35,"-"),"-") -> - | GC35: =IF(FY35>0,IFERROR(IF(CALC!AY35>0,CALC!AY35-FY35,"-"),"-"),"-") -> - | GD35: =IF(SUM(FX35,FZ35)>0,SUM(FX35,FZ35),"-") -> - | GI35: =IFERROR(IF(GJ35>0,CALC!BB35/GJ35,"-"),"-") -> - | GJ35: =IF(GF35>0,IFERROR(IF(CALC!BA35>0,CALC!BA35-GF35,"-"),"-"),"-") -> - | GK35: =IF(SUM(GE35,GG35)>0,SUM(GE35,GG35),"-") -> - | GP35: =IFERROR(IF(GQ35>0,CALC!BD35/GQ35,"-"),"-") -> - | GQ35: =IF(GM35>0,IFERROR(IF(CALC!BC35>0,CALC!BC35-GM35,"-"),"-"),"-") -> - | GR35: =IF(SUM(GL35,GN35)>0,SUM(GL35,GN35),"-") -> - | GW35: =IFERROR(IF(GX35>0,CALC!BF35/GX35,"-"),"-") -> - | GX35: =IF(GT35>0,IFERROR(IF(CALC!BE35>0,CALC!BE35-GT35,"-"),"-"),"-") -> - | GY35: =IF(SUM(GS35,GU35)>0,SUM(GS35,GU35),"-") -> - | HD35: =IFERROR(IF(HE35>0,CALC!BH35/HE35,"-"),"-") -> - | HE35: =IF(HA35>0,IFERROR(IF(CALC!BG35>0,CALC!BG35-HA35,"-"),"-"),"-") -> - | HF35: =IF(SUM(GZ35,HB35)>0,SUM(GZ35,HB35),"-") -> - | HK35: =IFERROR(IF(HL35>0,CALC!BJ35/HL35,"-"),"-") -> - | HL35: =IF(HH35>0,IFERROR(IF(CALC!BI35>0,CALC!BI35-HH35,"-"),"-"),"-") -> - | HM35: =IF(SUM(HG35,HI35)>0,SUM(HG35,HI35),"-") -> - | HN35: =SUM(K35,R35,Y35,AF35,AM35,AT35,BA35,BH35,BO35,BV35,CC35,CJ35,CQ35,CX35,DE35,DL35,DS35,DZ35,EG35,EN35,EU35,FB35,FI35,FP35,FW35,GD35,GK35,GR35,GY35,HF35,HM35) -> 0 | HO35: =SUM(J35,Q35,X35,AE35,AL35,AS35,AZ35,BG35,BN35,BU35,CB35,CI35,CP35,CW35,DD35,DK35,DR35,DY35,EF35,EM35,ET35,FA35,FH35,FO35,FV35,GC35,GJ35,GQ35,GX35,HE35,HL35) -> 0 | HP35: =IFERROR(HN35/HO35,"")
HN36: =SUM(K36,R36,Y36,AF36,AM36,AT36,BA36,BH36,BO36,BV36,CC36,CJ36,CQ36,CX36,DE36,DL36,DS36,DZ36,EG36,EN36,EU36,FB36,FI36,FP36,FW36,GD36,GK36,GR36) -> 0 | HO36: =SUM(J36,Q36,X36,AE36,AL36,AS36,AZ36,BG36,BN36,BU36,CB36,CI36,CP36,CW36,DD36,DK36,DR36,DY36,EF36,EM36,ET36,FA36,FH36,FO36,FV36,GC36,GJ36,GQ36) -> 0 | HP36: =IFERROR(HN36/HO36,"")
C37: Service Truck | D37: MS 02 ( PM Grusher ) BA 9000 SP | I37: =IFERROR(IF(J37>0,CALC!B37/J37,"-"),"-") -> - | J37: =IF(F37>0,IFERROR(IF(CALC!A37>0,CALC!A37-F37,"-"),"-"),"-") -> - | K37: =IF(SUM(E37,G37)>0,SUM(E37,G37),"-") -> - | P37: =IFERROR(IF(Q37>0,CALC!D37/Q37,"-"),"-") -> - | Q37: =IF(M37>0,IFERROR(IF(CALC!C37>0,CALC!C37-M37,"-"),"-"),"-") -> - | R37: =IF(SUM(L37,N37)>0,SUM(L37,N37),"-") -> - | W37: =IFERROR(IF(X37>0,CALC!F37/X37,"-"),"-") -> - | X37: =IF(T37>0,IFERROR(IF(CALC!E37>0,CALC!E37-T37,"-"),"-"),"-") -> - | Y37: =IF(SUM(S37,U37)>0,SUM(S37,U37),"-") -> - | AD37: =IFERROR(IF(AE37>0,CALC!H37/AE37,"-"),"-") -> - | AE37: =IF(AA37>0,IFERROR(IF(CALC!G37>0,CALC!G37-AA37,"-"),"-"),"-") -> - | AF37: =IF(SUM(Z37,AB37)>0,SUM(Z37,AB37),"-") -> - | AK37: =IFERROR(IF(AL37>0,CALC!J37/AL37,"-"),"-") -> - | AL37: =IF(AH37>0,IFERROR(IF(CALC!I37>0,CALC!I37-AH37,"-"),"-"),"-") -> - | AM37: =IF(SUM(AG37,AI37)>0,SUM(AG37,AI37),"-") -> - | AR37: =IFERROR(IF(AS37>0,CALC!L37/AS37,"-"),"-") -> - | AS37: =IF(AO37>0,IFERROR(IF(CALC!K37>0,CALC!K37-AO37,"-"),"-"),"-") -> - | AT37: =IF(SUM(AN37,AP37)>0,SUM(AN37,AP37),"-") -> - | AY37: =IFERROR(IF(AZ37>0,CALC!N37/AZ37,"-"),"-") -> - | AZ37: =IF(AV37>0,IFERROR(IF(CALC!M37>0,CALC!M37-AV37,"-"),"-"),"-") -> - | BA37: =IF(SUM(AU37,AW37)>0,SUM(AU37,AW37),"-") -> - | BF37: =IFERROR(IF(BG37>0,CALC!P37/BG37,"-"),"-") -> - | BG37: =IF(BC37>0,IFERROR(IF(CALC!O37>0,CALC!O37-BC37,"-"),"-"),"-") -> - | BH37: =IF(SUM(BB37,BD37)>0,SUM(BB37,BD37),"-") -> - | BM37: =IFERROR(IF(BN37>0,CALC!R37/BN37,"-"),"-") -> - | BN37: =IF(BJ37>0,IFERROR(IF(CALC!Q37>0,CALC!Q37-BJ37,"-"),"-"),"-") -> - | BO37: =IF(SUM(BI37,BK37)>0,SUM(BI37,BK37),"-") -> - | BT37: =IFERROR(IF(BU37>0,CALC!T37/BU37,"-"),"-") -> - | BU37: =IF(BQ37>0,IFERROR(IF(CALC!S37>0,CALC!S37-BQ37,"-"),"-"),"-") -> - | BV37: =IF(SUM(BP37,BR37)>0,SUM(BP37,BR37),"-") -> - | CA37: =IFERROR(IF(CB37>0,CALC!V37/CB37,"-"),"-") -> - | CB37: =IF(BX37>0,IFERROR(IF(CALC!U37>0,CALC!U37-BX37,"-"),"-"),"-") -> - | CC37: =IF(SUM(BW37,BY37)>0,SUM(BW37,BY37),"-") -> - | CH37: =IFERROR(IF(CI37>0,CALC!X37/CI37,"-"),"-") -> - | CI37: =IF(CE37>0,IFERROR(IF(CALC!W37>0,CALC!W37-CE37,"-"),"-"),"-") -> - | CJ37: =IF(SUM(CD37,CF37)>0,SUM(CD37,CF37),"-") -> - | CO37: =IFERROR(IF(CP37>0,CALC!Z37/CP37,"-"),"-") -> - | CP37: =IF(CL37>0,IFERROR(IF(CALC!Y37>0,CALC!Y37-CL37,"-"),"-"),"-") -> - | CQ37: =IF(SUM(CK37,CM37)>0,SUM(CK37,CM37),"-") -> - | CV37: =IFERROR(IF(CW37>0,CALC!AB37/CW37,"-"),"-") -> - | CW37: =IF(CS37>0,IFERROR(IF(CALC!AA37>0,CALC!AA37-CS37,"-"),"-"),"-") -> - | CX37: =IF(SUM(CR37,CT37)>0,SUM(CR37,CT37),"-") -> - | DC37: =IFERROR(IF(DD37>0,CALC!AD37/DD37,"-"),"-") -> - | DD37: =IF(CZ37>0,IFERROR(IF(CALC!AC37>0,CALC!AC37-CZ37,"-"),"-"),"-") -> - | DE37: =IF(SUM(CY37,DA37)>0,SUM(CY37,DA37),"-") -> - | DJ37: =IFERROR(IF(DK37>0,CALC!AF37/DK37,"-"),"-") -> - | DK37: =IF(DG37>0,IFERROR(IF(CALC!AE37>0,CALC!AE37-DG37,"-"),"-"),"-") -> - | DL37: =IF(SUM(DF37,DH37)>0,SUM(DF37,DH37),"-") -> - | DQ37: =IFERROR(IF(DR37>0,CALC!AH37/DR37,"-"),"-") -> - | DR37: =IF(DN37>0,IFERROR(IF(CALC!AG37>0,CALC!AG37-DN37,"-"),"-"),"-") -> - | DS37: =IF(SUM(DM37,DO37)>0,SUM(DM37,DO37),"-") -> - | DX37: =IFERROR(IF(DY37>0,CALC!AJ37/DY37,"-"),"-") -> - | DY37: =IF(DU37>0,IFERROR(IF(CALC!AI37>0,CALC!AI37-DU37,"-"),"-"),"-") -> - | DZ37: =IF(SUM(DT37,DV37)>0,SUM(DT37,DV37),"-") -> - | EE37: =IFERROR(IF(EF37>0,CALC!AL37/EF37,"-"),"-") -> - | EF37: =IF(EB37>0,IFERROR(IF(CALC!AK37>0,CALC!AK37-EB37,"-"),"-"),"-") -> - | EG37: =IF(SUM(EA37,EC37)>0,SUM(EA37,EC37),"-") -> - | EL37: =IFERROR(IF(EM37>0,CALC!AN37/EM37,"-"),"-") -> - | EM37: =IF(EI37>0,IFERROR(IF(CALC!AM37>0,CALC!AM37-EI37,"-"),"-"),"-") -> - | EN37: =IF(SUM(EH37,EJ37)>0,SUM(EH37,EJ37),"-") -> - | ES37: =IFERROR(IF(ET37>0,CALC!AP37/ET37,"-"),"-") -> - | ET37: =IF(EP37>0,IFERROR(IF(CALC!AO37>0,CALC!AO37-EP37,"-"),"-"),"-") -> - | EU37: =IF(SUM(EO37,EQ37)>0,SUM(EO37,EQ37),"-") -> - | EZ37: =IFERROR(IF(FA37>0,CALC!AR37/FA37,"-"),"-") -> - | FA37: =IF(EW37>0,IFERROR(IF(CALC!AQ37>0,CALC!AQ37-EW37,"-"),"-"),"-") -> - | FB37: =IF(SUM(EV37,EX37)>0,SUM(EV37,EX37),"-") -> - | FG37: =IFERROR(IF(FH37>0,CALC!AT37/FH37,"-"),"-") -> - | FH37: =IF(FD37>0,IFERROR(IF(CALC!AS37>0,CALC!AS37-FD37,"-"),"-"),"-") -> - | FI37: =IF(SUM(FC37,FE37)>0,SUM(FC37,FE37),"-") -> - | FN37: =IFERROR(IF(FO37>0,CALC!AV37/FO37,"-"),"-") -> - | FO37: =IF(FK37>0,IFERROR(IF(CALC!AU37>0,CALC!AU37-FK37,"-"),"-"),"-") -> - | FP37: =IF(SUM(FJ37,FL37)>0,SUM(FJ37,FL37),"-") -> - | FU37: =IFERROR(IF(FV37>0,CALC!AX37/FV37,"-"),"-") -> - | FV37: =IF(FR37>0,IFERROR(IF(CALC!AW37>0,CALC!AW37-FR37,"-"),"-"),"-") -> - | FW37: =IF(SUM(FQ37,FS37)>0,SUM(FQ37,FS37),"-") -> - | GB37: =IFERROR(IF(GC37>0,CALC!AZ37/GC37,"-"),"-") -> - | GC37: =IF(FY37>0,IFERROR(IF(CALC!AY37>0,CALC!AY37-FY37,"-"),"-"),"-") -> - | GD37: =IF(SUM(FX37,FZ37)>0,SUM(FX37,FZ37),"-") -> - | GI37: =IFERROR(IF(GJ37>0,CALC!BB37/GJ37,"-"),"-") -> - | GJ37: =IF(GF37>0,IFERROR(IF(CALC!BA37>0,CALC!BA37-GF37,"-"),"-"),"-") -> - | GK37: =IF(SUM(GE37,GG37)>0,SUM(GE37,GG37),"-") -> - | GP37: =IFERROR(IF(GQ37>0,CALC!BD37/GQ37,"-"),"-") -> - | GQ37: =IF(GM37>0,IFERROR(IF(CALC!BC37>0,CALC!BC37-GM37,"-"),"-"),"-") -> - | GR37: =IF(SUM(GL37,GN37)>0,SUM(GL37,GN37),"-") -> - | GW37: =IFERROR(IF(GX37>0,CALC!BF37/GX37,"-"),"-") -> - | GX37: =IF(GT37>0,IFERROR(IF(CALC!BE37>0,CALC!BE37-GT37,"-"),"-"),"-") -> - | GY37: =IF(SUM(GS37,GU37)>0,SUM(GS37,GU37),"-") -> - | HD37: =IFERROR(IF(HE37>0,CALC!BH37/HE37,"-"),"-") -> - | HE37: =IF(HA37>0,IFERROR(IF(CALC!BG37>0,CALC!BG37-HA37,"-"),"-"),"-") -> - | HF37: =IF(SUM(GZ37,HB37)>0,SUM(GZ37,HB37),"-") -> - | HK37: =IFERROR(IF(HL37>0,CALC!BJ37/HL37,"-"),"-") -> - | HL37: =IF(HH37>0,IFERROR(IF(CALC!BI37>0,CALC!BI37-HH37,"-"),"-"),"-") -> - | HM37: =IF(SUM(HG37,HI37)>0,SUM(HG37,HI37),"-") -> - | HN37: =SUM(K37,R37,Y37,AF37,AM37,AT37,BA37,BH37,BO37,BV37,CC37,CJ37,CQ37,CX37,DE37,DL37,DS37,DZ37,EG37,EN37,EU37,FB37,FI37,FP37,FW37,GD37,GK37,GR37,GY37,HF37,HM37) -> 0 | HO37: =SUM(J37,Q37,X37,AE37,AL37,AS37,AZ37,BG37,BN37,BU37,CB37,CI37,CP37,CW37,DD37,DK37,DR37,DY37,EF37,EM37,ET37,FA37,FH37,FO37,FV37,GC37,GJ37,GQ37,GX37,HE37,HL37) -> 0 | HP37: =IFERROR(HN37/HO37,"")
D38: MS 07 ( PICK UP PH ) | I38: =IFERROR(IF(J38>0,CALC!B38/J38,"-"),"-") -> - | J38: =IF(F38>0,IFERROR(IF(CALC!A38>0,CALC!A38-F38,"-"),"-"),"-") -> - | K38: =IF(SUM(E38,G38)>0,SUM(E38,G38),"-") -> - | P38: =IFERROR(IF(Q38>0,CALC!D38/Q38,"-"),"-") -> - | Q38: =IF(M38>0,IFERROR(IF(CALC!C38>0,CALC!C38-M38,"-"),"-"),"-") -> - | R38: =IF(SUM(L38,N38)>0,SUM(L38,N38),"-") -> - | W38: =IFERROR(IF(X38>0,CALC!F38/X38,"-"),"-") -> - | X38: =IF(T38>0,IFERROR(IF(CALC!E38>0,CALC!E38-T38,"-"),"-"),"-") -> - | Y38: =IF(SUM(S38,U38)>0,SUM(S38,U38),"-") -> - | AD38: =IFERROR(IF(AE38>0,CALC!H38/AE38,"-"),"-") -> - | AE38: =IF(AA38>0,IFERROR(IF(CALC!G38>0,CALC!G38-AA38,"-"),"-"),"-") -> - | AF38: =IF(SUM(Z38,AB38)>0,SUM(Z38,AB38),"-") -> - | AK38: =IFERROR(IF(AL38>0,CALC!J38/AL38,"-"),"-") -> - | AL38: =IF(AH38>0,IFERROR(IF(CALC!I38>0,CALC!I38-AH38,"-"),"-"),"-") -> - | AM38: =IF(SUM(AG38,AI38)>0,SUM(AG38,AI38),"-") -> - | AR38: =IFERROR(IF(AS38>0,CALC!L38/AS38,"-"),"-") -> - | AS38: =IF(AO38>0,IFERROR(IF(CALC!K38>0,CALC!K38-AO38,"-"),"-"),"-") -> - | AT38: =IF(SUM(AN38,AP38)>0,SUM(AN38,AP38),"-") -> - | AY38: =IFERROR(IF(AZ38>0,CALC!N38/AZ38,"-"),"-") -> - | AZ38: =IF(AV38>0,IFERROR(IF(CALC!M38>0,CALC!M38-AV38,"-"),"-"),"-") -> - | BA38: =IF(SUM(AU38,AW38)>0,SUM(AU38,AW38),"-") -> - | BF38: =IFERROR(IF(BG38>0,CALC!P38/BG38,"-"),"-") -> - | BG38: =IF(BC38>0,IFERROR(IF(CALC!O38>0,CALC!O38-BC38,"-"),"-"),"-") -> - | BH38: =IF(SUM(BB38,BD38)>0,SUM(BB38,BD38),"-") -> - | BM38: =IFERROR(IF(BN38>0,CALC!R38/BN38,"-"),"-") -> - | BN38: =IF(BJ38>0,IFERROR(IF(CALC!Q38>0,CALC!Q38-BJ38,"-"),"-"),"-") -> - | BO38: =IF(SUM(BI38,BK38)>0,SUM(BI38,BK38),"-") -> - | BT38: =IFERROR(IF(BU38>0,CALC!T38/BU38,"-"),"-") -> - | BU38: =IF(BQ38>0,IFERROR(IF(CALC!S38>0,CALC!S38-BQ38,"-"),"-"),"-") -> - | BV38: =IF(SUM(BP38,BR38)>0,SUM(BP38,BR38),"-") -> - | CA38: =IFERROR(IF(CB38>0,CALC!V38/CB38,"-"),"-") -> - | CB38: =IF(BX38>0,IFERROR(IF(CALC!U38>0,CALC!U38-BX38,"-"),"-"),"-") -> - | CC38: =IF(SUM(BW38,BY38)>0,SUM(BW38,BY38),"-") -> - | CH38: =IFERROR(IF(CI38>0,CALC!X38/CI38,"-"),"-") -> - | CI38: =IF(CE38>0,IFERROR(IF(CALC!W38>0,CALC!W38-CE38,"-"),"-"),"-") -> - | CJ38: =IF(SUM(CD38,CF38)>0,SUM(CD38,CF38),"-") -> - | CO38: =IFERROR(IF(CP38>0,CALC!Z38/CP38,"-"),"-") -> - | CP38: =IF(CL38>0,IFERROR(IF(CALC!Y38>0,CALC!Y38-CL38,"-"),"-"),"-") -> - | CQ38: =IF(SUM(CK38,CM38)>0,SUM(CK38,CM38),"-") -> - | CV38: =IFERROR(IF(CW38>0,CALC!AB38/CW38,"-"),"-") -> - | CW38: =IF(CS38>0,IFERROR(IF(CALC!AA38>0,CALC!AA38-CS38,"-"),"-"),"-") -> - | CX38: =IF(SUM(CR38,CT38)>0,SUM(CR38,CT38),"-") -> - | DC38: =IFERROR(IF(DD38>0,CALC!AD38/DD38,"-"),"-") -> - | DD38: =IF(CZ38>0,IFERROR(IF(CALC!AC38>0,CALC!AC38-CZ38,"-"),"-"),"-") -> - | DE38: =IF(SUM(CY38,DA38)>0,SUM(CY38,DA38),"-") -> - | DJ38: =IFERROR(IF(DK38>0,CALC!AF38/DK38,"-"),"-") -> - | DK38: =IF(DG38>0,IFERROR(IF(CALC!AE38>0,CALC!AE38-DG38,"-"),"-"),"-") -> - | DL38: =IF(SUM(DF38,DH38)>0,SUM(DF38,DH38),"-") -> - | DQ38: =IFERROR(IF(DR38>0,CALC!AH38/DR38,"-"),"-") -> - | DR38: =IF(DN38>0,IFERROR(IF(CALC!AG38>0,CALC!AG38-DN38,"-"),"-"),"-") -> - | DS38: =IF(SUM(DM38,DO38)>0,SUM(DM38,DO38),"-") -> - | DX38: =IFERROR(IF(DY38>0,CALC!AJ38/DY38,"-"),"-") -> - | DY38: =IF(DU38>0,IFERROR(IF(CALC!AI38>0,CALC!AI38-DU38,"-"),"-"),"-") -> - | DZ38: =IF(SUM(DT38,DV38)>0,SUM(DT38,DV38),"-") -> - | EE38: =IFERROR(IF(EF38>0,CALC!AL38/EF38,"-"),"-") -> - | EF38: =IF(EB38>0,IFERROR(IF(CALC!AK38>0,CALC!AK38-EB38,"-"),"-"),"-") -> - | EG38: =IF(SUM(EA38,EC38)>0,SUM(EA38,EC38),"-") -> - | EL38: =IFERROR(IF(EM38>0,CALC!AN38/EM38,"-"),"-") -> - | EM38: =IF(EI38>0,IFERROR(IF(CALC!AM38>0,CALC!AM38-EI38,"-"),"-"),"-") -> - | EN38: =IF(SUM(EH38,EJ38)>0,SUM(EH38,EJ38),"-") -> - | ES38: =IFERROR(IF(ET38>0,CALC!AP38/ET38,"-"),"-") -> - | ET38: =IF(EP38>0,IFERROR(IF(CALC!AO38>0,CALC!AO38-EP38,"-"),"-"),"-") -> - | EU38: =IF(SUM(EO38,EQ38)>0,SUM(EO38,EQ38),"-") -> - | EZ38: =IFERROR(IF(FA38>0,CALC!AR38/FA38,"-"),"-") -> - | FA38: =IF(EW38>0,IFERROR(IF(CALC!AQ38>0,CALC!AQ38-EW38,"-"),"-"),"-") -> - | FB38: =IF(SUM(EV38,EX38)>0,SUM(EV38,EX38),"-") -> - | FG38: =IFERROR(IF(FH38>0,CALC!AT38/FH38,"-"),"-") -> - | FH38: =IF(FD38>0,IFERROR(IF(CALC!AS38>0,CALC!AS38-FD38,"-"),"-"),"-") -> - | FI38: =IF(SUM(FC38,FE38)>0,SUM(FC38,FE38),"-") -> - | FN38: =IFERROR(IF(FO38>0,CALC!AV38/FO38,"-"),"-") -> - | FO38: =IF(FK38>0,IFERROR(IF(CALC!AU38>0,CALC!AU38-FK38,"-"),"-"),"-") -> - | FP38: =IF(SUM(FJ38,FL38)>0,SUM(FJ38,FL38),"-") -> - | FU38: =IFERROR(IF(FV38>0,CALC!AX38/FV38,"-"),"-") -> - | FV38: =IF(FR38>0,IFERROR(IF(CALC!AW38>0,CALC!AW38-FR38,"-"),"-"),"-") -> - | FW38: =IF(SUM(FQ38,FS38)>0,SUM(FQ38,FS38),"-") -> - | GB38: =IFERROR(IF(GC38>0,CALC!AZ38/GC38,"-"),"-") -> - | GC38: =IF(FY38>0,IFERROR(IF(CALC!AY38>0,CALC!AY38-FY38,"-"),"-"),"-") -> - | GD38: =IF(SUM(FX38,FZ38)>0,SUM(FX38,FZ38),"-") -> - | GI38: =IFERROR(IF(GJ38>0,CALC!BB38/GJ38,"-"),"-") -> - | GJ38: =IF(GF38>0,IFERROR(IF(CALC!BA38>0,CALC!BA38-GF38,"-"),"-"),"-") -> - | GK38: =IF(SUM(GE38,GG38)>0,SUM(GE38,GG38),"-") -> - | GP38: =IFERROR(IF(GQ38>0,CALC!BD38/GQ38,"-"),"-") -> - | GQ38: =IF(GM38>0,IFERROR(IF(CALC!BC38>0,CALC!BC38-GM38,"-"),"-"),"-") -> - | GR38: =IF(SUM(GL38,GN38)>0,SUM(GL38,GN38),"-") -> - | GW38: =IFERROR(IF(GX38>0,CALC!BF38/GX38,"-"),"-") -> - | GX38: =IF(GT38>0,IFERROR(IF(CALC!BE38>0,CALC!BE38-GT38,"-"),"-"),"-") -> - | GY38: =IF(SUM(GS38,GU38)>0,SUM(GS38,GU38),"-") -> - | HD38: =IFERROR(IF(HE38>0,CALC!BH38/HE38,"-"),"-") -> - | HE38: =IF(HA38>0,IFERROR(IF(CALC!BG38>0,CALC!BG38-HA38,"-"),"-"),"-") -> - | HF38: =IF(SUM(GZ38,HB38)>0,SUM(GZ38,HB38),"-") -> - | HK38: =IFERROR(IF(HL38>0,CALC!BJ38/HL38,"-"),"-") -> - | HL38: =IF(HH38>0,IFERROR(IF(CALC!BI38>0,CALC!BI38-HH38,"-"),"-"),"-") -> - | HM38: =IF(SUM(HG38,HI38)>0,SUM(HG38,HI38),"-") -> - | HN38: =SUM(K38,R38,Y38,AF38,AM38,AT38,BA38,BH38,BO38,BV38,CC38,CJ38,CQ38,CX38,DE38,DL38,DS38,DZ38,EG38,EN38,EU38,FB38,FI38,FP38,FW38,GD38,GK38,GR38,GY38,HF38,HM38) -> 0 | HO38: =SUM(J38,Q38,X38,AE38,AL38,AS38,AZ38,BG38,BN38,BU38,CB38,CI38,CP38,CW38,DD38,DK38,DR38,DY38,EF38,EM38,ET38,FA38,FH38,FO38,FV38,GC38,GJ38,GQ38,GX38,HE38,HL38) -> 0 | HP38: =IFERROR(HN38/HO38,"")
D39: MS 16 ( FORKLIFT WHORK SHOP ) | I39: =IFERROR(IF(J39>0,CALC!B39/J39,"-"),"-") -> - | J39: =IF(F39>0,IFERROR(IF(CALC!A39>0,CALC!A39-F39,"-"),"-"),"-") -> - | K39: =IF(SUM(E39,G39)>0,SUM(E39,G39),"-") -> - | L39: 231 | P39: =IFERROR(IF(Q39>0,CALC!D39/Q39,"-"),"-") -> - | Q39: =IF(M39>0,IFERROR(IF(CALC!C39>0,CALC!C39-M39,"-"),"-"),"-") -> - | R39: =IF(SUM(L39,N39)>0,SUM(L39,N39),"-") -> 231 | S39: 195 | W39: =IFERROR(IF(X39>0,CALC!F39/X39,"-"),"-") -> - | X39: =IF(T39>0,IFERROR(IF(CALC!E39>0,CALC!E39-T39,"-"),"-"),"-") -> - | Y39: =IF(SUM(S39,U39)>0,SUM(S39,U39),"-") -> 195 | AD39: =IFERROR(IF(AE39>0,CALC!H39/AE39,"-"),"-") -> - | AE39: =IF(AA39>0,IFERROR(IF(CALC!G39>0,CALC!G39-AA39,"-"),"-"),"-") -> - | AF39: =IF(SUM(Z39,AB39)>0,SUM(Z39,AB39),"-") -> - | AK39: =IFERROR(IF(AL39>0,CALC!J39/AL39,"-"),"-") -> - | AL39: =IF(AH39>0,IFERROR(IF(CALC!I39>0,CALC!I39-AH39,"-"),"-"),"-") -> - | AM39: =IF(SUM(AG39,AI39)>0,SUM(AG39,AI39),"-") -> - | AR39: =IFERROR(IF(AS39>0,CALC!L39/AS39,"-"),"-") -> - | AS39: =IF(AO39>0,IFERROR(IF(CALC!K39>0,CALC!K39-AO39,"-"),"-"),"-") -> - | AT39: =IF(SUM(AN39,AP39)>0,SUM(AN39,AP39),"-") -> - | AY39: =IFERROR(IF(AZ39>0,CALC!N39/AZ39,"-"),"-") -> - | AZ39: =IF(AV39>0,IFERROR(IF(CALC!M39>0,CALC!M39-AV39,"-"),"-"),"-") -> - | BA39: =IF(SUM(AU39,AW39)>0,SUM(AU39,AW39),"-") -> - | BF39: =IFERROR(IF(BG39>0,CALC!P39/BG39,"-"),"-") -> - | BG39: =IF(BC39>0,IFERROR(IF(CALC!O39>0,CALC!O39-BC39,"-"),"-"),"-") -> - | BH39: =IF(SUM(BB39,BD39)>0,SUM(BB39,BD39),"-") -> - | BM39: =IFERROR(IF(BN39>0,CALC!R39/BN39,"-"),"-") -> - | BN39: =IF(BJ39>0,IFERROR(IF(CALC!Q39>0,CALC!Q39-BJ39,"-"),"-"),"-") -> - | BO39: =IF(SUM(BI39,BK39)>0,SUM(BI39,BK39),"-") -> - | BT39: =IFERROR(IF(BU39>0,CALC!T39/BU39,"-"),"-") -> - | BU39: =IF(BQ39>0,IFERROR(IF(CALC!S39>0,CALC!S39-BQ39,"-"),"-"),"-") -> - | BV39: =IF(SUM(BP39,BR39)>0,SUM(BP39,BR39),"-") -> - | CA39: =IFERROR(IF(CB39>0,CALC!V39/CB39,"-"),"-") -> - | CB39: =IF(BX39>0,IFERROR(IF(CALC!U39>0,CALC!U39-BX39,"-"),"-"),"-") -> - | CC39: =IF(SUM(BW39,BY39)>0,SUM(BW39,BY39),"-") -> - | CH39: =IFERROR(IF(CI39>0,CALC!X39/CI39,"-"),"-") -> - | CI39: =IF(CE39>0,IFERROR(IF(CALC!W39>0,CALC!W39-CE39,"-"),"-"),"-") -> - | CJ39: =IF(SUM(CD39,CF39)>0,SUM(CD39,CF39),"-") -> - | CO39: =IFERROR(IF(CP39>0,CALC!Z39/CP39,"-"),"-") -> - | CP39: =IF(CL39>0,IFERROR(IF(CALC!Y39>0,CALC!Y39-CL39,"-"),"-"),"-") -> - | CQ39: =IF(SUM(CK39,CM39)>0,SUM(CK39,CM39),"-") -> - | CV39: =IFERROR(IF(CW39>0,CALC!AB39/CW39,"-"),"-") -> - | CW39: =IF(CS39>0,IFERROR(IF(CALC!AA39>0,CALC!AA39-CS39,"-"),"-"),"-") -> - | CX39: =IF(SUM(CR39,CT39)>0,SUM(CR39,CT39),"-") -> - | DC39: =IFERROR(IF(DD39>0,CALC!AD39/DD39,"-"),"-") -> - | DD39: =IF(CZ39>0,IFERROR(IF(CALC!AC39>0,CALC!AC39-CZ39,"-"),"-"),"-") -> - | DE39: =IF(SUM(CY39,DA39)>0,SUM(CY39,DA39),"-") -> - | DJ39: =IFERROR(IF(DK39>0,CALC!AF39/DK39,"-"),"-") -> - | DK39: =IF(DG39>0,IFERROR(IF(CALC!AE39>0,CALC!AE39-DG39,"-"),"-"),"-") -> - | DL39: =IF(SUM(DF39,DH39)>0,SUM(DF39,DH39),"-") -> - | DQ39: =IFERROR(IF(DR39>0,CALC!AH39/DR39,"-"),"-") -> - | DR39: =IF(DN39>0,IFERROR(IF(CALC!AG39>0,CALC!AG39-DN39,"-"),"-"),"-") -> - | DS39: =IF(SUM(DM39,DO39)>0,SUM(DM39,DO39),"-") -> - | DX39: =IFERROR(IF(DY39>0,CALC!AJ39/DY39,"-"),"-") -> - | DY39: =IF(DU39>0,IFERROR(IF(CALC!AI39>0,CALC!AI39-DU39,"-"),"-"),"-") -> - | DZ39: =IF(SUM(DT39,DV39)>0,SUM(DT39,DV39),"-") -> - | EE39: =IFERROR(IF(EF39>0,CALC!AL39/EF39,"-"),"-") -> - | EF39: =IF(EB39>0,IFERROR(IF(CALC!AK39>0,CALC!AK39-EB39,"-"),"-"),"-") -> - | EG39: =IF(SUM(EA39,EC39)>0,SUM(EA39,EC39),"-") -> - | EL39: =IFERROR(IF(EM39>0,CALC!AN39/EM39,"-"),"-") -> - | EM39: =IF(EI39>0,IFERROR(IF(CALC!AM39>0,CALC!AM39-EI39,"-"),"-"),"-") -> - | EN39: =IF(SUM(EH39,EJ39)>0,SUM(EH39,EJ39),"-") -> - | ES39: =IFERROR(IF(ET39>0,CALC!AP39/ET39,"-"),"-") -> - | ET39: =IF(EP39>0,IFERROR(IF(CALC!AO39>0,CALC!AO39-EP39,"-"),"-"),"-") -> - | EU39: =IF(SUM(EO39,EQ39)>0,SUM(EO39,EQ39),"-") -> - | EZ39: =IFERROR(IF(FA39>0,CALC!AR39/FA39,"-"),"-") -> - | FA39: =IF(EW39>0,IFERROR(IF(CALC!AQ39>0,CALC!AQ39-EW39,"-"),"-"),"-") -> - | FB39: =IF(SUM(EV39,EX39)>0,SUM(EV39,EX39),"-") -> - | FG39: =IFERROR(IF(FH39>0,CALC!AT39/FH39,"-"),"-") -> - | FH39: =IF(FD39>0,IFERROR(IF(CALC!AS39>0,CALC!AS39-FD39,"-"),"-"),"-") -> - | FI39: =IF(SUM(FC39,FE39)>0,SUM(FC39,FE39),"-") -> - | FN39: =IFERROR(IF(FO39>0,CALC!AV39/FO39,"-"),"-") -> - | FO39: =IF(FK39>0,IFERROR(IF(CALC!AU39>0,CALC!AU39-FK39,"-"),"-"),"-") -> - | FP39: =IF(SUM(FJ39,FL39)>0,SUM(FJ39,FL39),"-") -> - | FU39: =IFERROR(IF(FV39>0,CALC!AX39/FV39,"-"),"-") -> - | FV39: =IF(FR39>0,IFERROR(IF(CALC!AW39>0,CALC!AW39-FR39,"-"),"-"),"-") -> - | FW39: =IF(SUM(FQ39,FS39)>0,SUM(FQ39,FS39),"-") -> - | GB39: =IFERROR(IF(GC39>0,CALC!AZ39/GC39,"-"),"-") -> - | GC39: =IF(FY39>0,IFERROR(IF(CALC!AY39>0,CALC!AY39-FY39,"-"),"-"),"-") -> - | GD39: =IF(SUM(FX39,FZ39)>0,SUM(FX39,FZ39),"-") -> - | GI39: =IFERROR(IF(GJ39>0,CALC!BB39/GJ39,"-"),"-") -> - | GJ39: =IF(GF39>0,IFERROR(IF(CALC!BA39>0,CALC!BA39-GF39,"-"),"-"),"-") -> - | GK39: =IF(SUM(GE39,GG39)>0,SUM(GE39,GG39),"-") -> - | GP39: =IFERROR(IF(GQ39>0,CALC!BD39/GQ39,"-"),"-") -> - | GQ39: =IF(GM39>0,IFERROR(IF(CALC!BC39>0,CALC!BC39-GM39,"-"),"-"),"-") -> - | GR39: =IF(SUM(GL39,GN39)>0,SUM(GL39,GN39),"-") -> - | GW39: =IFERROR(IF(GX39>0,CALC!BF39/GX39,"-"),"-") -> - | GX39: =IF(GT39>0,IFERROR(IF(CALC!BE39>0,CALC!BE39-GT39,"-"),"-"),"-") -> - | GY39: =IF(SUM(GS39,GU39)>0,SUM(GS39,GU39),"-") -> - | HD39: =IFERROR(IF(HE39>0,CALC!BH39/HE39,"-"),"-") -> - | HE39: =IF(HA39>0,IFERROR(IF(CALC!BG39>0,CALC!BG39-HA39,"-"),"-"),"-") -> - | HF39: =IF(SUM(GZ39,HB39)>0,SUM(GZ39,HB39),"-") -> - | HK39: =IFERROR(IF(HL39>0,CALC!BJ39/HL39,"-"),"-") -> - | HL39: =IF(HH39>0,IFERROR(IF(CALC!BI39>0,CALC!BI39-HH39,"-"),"-"),"-") -> - | HM39: =IF(SUM(HG39,HI39)>0,SUM(HG39,HI39),"-") -> - | HN39: =SUM(K39,R39,Y39,AF39,AM39,AT39,BA39,BH39,BO39,BV39,CC39,CJ39,CQ39,CX39,DE39,DL39,DS39,DZ39,EG39,EN39,EU39,FB39,FI39,FP39,FW39,GD39,GK39,GR39,GY39,HF39,HM39) -> 426 | HO39: =SUM(J39,Q39,X39,AE39,AL39,AS39,AZ39,BG39,BN39,BU39,CB39,CI39,CP39,CW39,DD39,DK39,DR39,DY39,EF39,EM39,ET39,FA39,FH39,FO39,FV39,GC39,GJ39,GQ39,GX39,HE39,HL39) -> 0 | HP39: =IFERROR(HN39/HO39,"")
D40: MS 17 ( FORKLIFT KP LERENG ) | I40: =IFERROR(IF(J40>0,CALC!B40/J40,"-"),"-") -> - | J40: =IF(F40>0,IFERROR(IF(CALC!A40>0,CALC!A40-F40,"-"),"-"),"-") -> - | K40: =IF(SUM(E40,G40)>0,SUM(E40,G40),"-") -> - | P40: =IFERROR(IF(Q40>0,CALC!D40/Q40,"-"),"-") -> - | Q40: =IF(M40>0,IFERROR(IF(CALC!C40>0,CALC!C40-M40,"-"),"-"),"-") -> - | R40: =IF(SUM(L40,N40)>0,SUM(L40,N40),"-") -> - | W40: =IFERROR(IF(X40>0,CALC!F40/X40,"-"),"-") -> - | X40: =IF(T40>0,IFERROR(IF(CALC!E40>0,CALC!E40-T40,"-"),"-"),"-") -> - | Y40: =IF(SUM(S40,U40)>0,SUM(S40,U40),"-") -> - | AD40: =IFERROR(IF(AE40>0,CALC!H40/AE40,"-"),"-") -> - | AE40: =IF(AA40>0,IFERROR(IF(CALC!G40>0,CALC!G40-AA40,"-"),"-"),"-") -> - | AF40: =IF(SUM(Z40,AB40)>0,SUM(Z40,AB40),"-") -> - | AK40: =IFERROR(IF(AL40>0,CALC!J40/AL40,"-"),"-") -> - | AL40: =IF(AH40>0,IFERROR(IF(CALC!I40>0,CALC!I40-AH40,"-"),"-"),"-") -> - | AM40: =IF(SUM(AG40,AI40)>0,SUM(AG40,AI40),"-") -> - | AR40: =IFERROR(IF(AS40>0,CALC!L40/AS40,"-"),"-") -> - | AS40: =IF(AO40>0,IFERROR(IF(CALC!K40>0,CALC!K40-AO40,"-"),"-"),"-") -> - | AT40: =IF(SUM(AN40,AP40)>0,SUM(AN40,AP40),"-") -> - | AY40: =IFERROR(IF(AZ40>0,CALC!N40/AZ40,"-"),"-") -> - | AZ40: =IF(AV40>0,IFERROR(IF(CALC!M40>0,CALC!M40-AV40,"-"),"-"),"-") -> - | BA40: =IF(SUM(AU40,AW40)>0,SUM(AU40,AW40),"-") -> - | BF40: =IFERROR(IF(BG40>0,CALC!P40/BG40,"-"),"-") -> - | BG40: =IF(BC40>0,IFERROR(IF(CALC!O40>0,CALC!O40-BC40,"-"),"-"),"-") -> - | BH40: =IF(SUM(BB40,BD40)>0,SUM(BB40,BD40),"-") -> - | BM40: =IFERROR(IF(BN40>0,CALC!R40/BN40,"-"),"-") -> - | BN40: =IF(BJ40>0,IFERROR(IF(CALC!Q40>0,CALC!Q40-BJ40,"-"),"-"),"-") -> - | BO40: =IF(SUM(BI40,BK40)>0,SUM(BI40,BK40),"-") -> - | BT40: =IFERROR(IF(BU40>0,CALC!T40/BU40,"-"),"-") -> - | BU40: =IF(BQ40>0,IFERROR(IF(CALC!S40>0,CALC!S40-BQ40,"-"),"-"),"-") -> - | BV40: =IF(SUM(BP40,BR40)>0,SUM(BP40,BR40),"-") -> - | CA40: =IFERROR(IF(CB40>0,CALC!V40/CB40,"-"),"-") -> - | CB40: =IF(BX40>0,IFERROR(IF(CALC!U40>0,CALC!U40-BX40,"-"),"-"),"-") -> - | CC40: =IF(SUM(BW40,BY40)>0,SUM(BW40,BY40),"-") -> - | CH40: =IFERROR(IF(CI40>0,CALC!X40/CI40,"-"),"-") -> - | CI40: =IF(CE40>0,IFERROR(IF(CALC!W40>0,CALC!W40-CE40,"-"),"-"),"-") -> - | CJ40: =IF(SUM(CD40,CF40)>0,SUM(CD40,CF40),"-") -> - | CO40: =IFERROR(IF(CP40>0,CALC!Z40/CP40,"-"),"-") -> - | CP40: =IF(CL40>0,IFERROR(IF(CALC!Y40>0,CALC!Y40-CL40,"-"),"-"),"-") -> - | CQ40: =IF(SUM(CK40,CM40)>0,SUM(CK40,CM40),"-") -> - | CV40: =IFERROR(IF(CW40>0,CALC!AB40/CW40,"-"),"-") -> - | CW40: =IF(CS40>0,IFERROR(IF(CALC!AA40>0,CALC!AA40-CS40,"-"),"-"),"-") -> - | CX40: =IF(SUM(CR40,CT40)>0,SUM(CR40,CT40),"-") -> - | DC40: =IFERROR(IF(DD40>0,CALC!AD40/DD40,"-"),"-") -> - | DD40: =IF(CZ40>0,IFERROR(IF(CALC!AC40>0,CALC!AC40-CZ40,"-"),"-"),"-") -> - | DE40: =IF(SUM(CY40,DA40)>0,SUM(CY40,DA40),"-") -> - | DJ40: =IFERROR(IF(DK40>0,CALC!AF40/DK40,"-"),"-") -> - | DK40: =IF(DG40>0,IFERROR(IF(CALC!AE40>0,CALC!AE40-DG40,"-"),"-"),"-") -> - | DL40: =IF(SUM(DF40,DH40)>0,SUM(DF40,DH40),"-") -> - | DQ40: =IFERROR(IF(DR40>0,CALC!AH40/DR40,"-"),"-") -> - | DR40: =IF(DN40>0,IFERROR(IF(CALC!AG40>0,CALC!AG40-DN40,"-"),"-"),"-") -> - | DS40: =IF(SUM(DM40,DO40)>0,SUM(DM40,DO40),"-") -> - | DX40: =IFERROR(IF(DY40>0,CALC!AJ40/DY40,"-"),"-") -> - | DY40: =IF(DU40>0,IFERROR(IF(CALC!AI40>0,CALC!AI40-DU40,"-"),"-"),"-") -> - | DZ40: =IF(SUM(DT40,DV40)>0,SUM(DT40,DV40),"-") -> - | EE40: =IFERROR(IF(EF40>0,CALC!AL40/EF40,"-"),"-") -> - | EF40: =IF(EB40>0,IFERROR(IF(CALC!AK40>0,CALC!AK40-EB40,"-"),"-"),"-") -> - | EG40: =IF(SUM(EA40,EC40)>0,SUM(EA40,EC40),"-") -> - | EL40: =IFERROR(IF(EM40>0,CALC!AN40/EM40,"-"),"-") -> - | EM40: =IF(EI40>0,IFERROR(IF(CALC!AM40>0,CALC!AM40-EI40,"-"),"-"),"-") -> - | EN40: =IF(SUM(EH40,EJ40)>0,SUM(EH40,EJ40),"-") -> - | ES40: =IFERROR(IF(ET40>0,CALC!AP40/ET40,"-"),"-") -> - | ET40: =IF(EP40>0,IFERROR(IF(CALC!AO40>0,CALC!AO40-EP40,"-"),"-"),"-") -> - | EU40: =IF(SUM(EO40,EQ40)>0,SUM(EO40,EQ40),"-") -> - | EZ40: =IFERROR(IF(FA40>0,CALC!AR40/FA40,"-"),"-") -> - | FA40: =IF(EW40>0,IFERROR(IF(CALC!AQ40>0,CALC!AQ40-EW40,"-"),"-"),"-") -> - | FB40: =IF(SUM(EV40,EX40)>0,SUM(EV40,EX40),"-") -> - | FG40: =IFERROR(IF(FH40>0,CALC!AT40/FH40,"-"),"-") -> - | FH40: =IF(FD40>0,IFERROR(IF(CALC!AS40>0,CALC!AS40-FD40,"-"),"-"),"-") -> - | FI40: =IF(SUM(FC40,FE40)>0,SUM(FC40,FE40),"-") -> - | FN40: =IFERROR(IF(FO40>0,CALC!AV40/FO40,"-"),"-") -> - | FO40: =IF(FK40>0,IFERROR(IF(CALC!AU40>0,CALC!AU40-FK40,"-"),"-"),"-") -> - | FP40: =IF(SUM(FJ40,FL40)>0,SUM(FJ40,FL40),"-") -> - | FU40: =IFERROR(IF(FV40>0,CALC!AX40/FV40,"-"),"-") -> - | FV40: =IF(FR40>0,IFERROR(IF(CALC!AW40>0,CALC!AW40-FR40,"-"),"-"),"-") -> - | FW40: =IF(SUM(FQ40,FS40)>0,SUM(FQ40,FS40),"-") -> - | GB40: =IFERROR(IF(GC40>0,CALC!AZ40/GC40,"-"),"-") -> - | GC40: =IF(FY40>0,IFERROR(IF(CALC!AY40>0,CALC!AY40-FY40,"-"),"-"),"-") -> - | GD40: =IF(SUM(FX40,FZ40)>0,SUM(FX40,FZ40),"-") -> - | GI40: =IFERROR(IF(GJ40>0,CALC!BB40/GJ40,"-"),"-") -> - | GJ40: =IF(GF40>0,IFERROR(IF(CALC!BA40>0,CALC!BA40-GF40,"-"),"-"),"-") -> - | GK40: =IF(SUM(GE40,GG40)>0,SUM(GE40,GG40),"-") -> - | GP40: =IFERROR(IF(GQ40>0,CALC!BD40/GQ40,"-"),"-") -> - | GQ40: =IF(GM40>0,IFERROR(IF(CALC!BC40>0,CALC!BC40-GM40,"-"),"-"),"-") -> - | GR40: =IF(SUM(GL40,GN40)>0,SUM(GL40,GN40),"-") -> - | GW40: =IFERROR(IF(GX40>0,CALC!BF40/GX40,"-"),"-") -> - | GX40: =IF(GT40>0,IFERROR(IF(CALC!BE40>0,CALC!BE40-GT40,"-"),"-"),"-") -> - | GY40: =IF(SUM(GS40,GU40)>0,SUM(GS40,GU40),"-") -> - | HD40: =IFERROR(IF(HE40>0,CALC!BH40/HE40,"-"),"-") -> - | HE40: =IF(HA40>0,IFERROR(IF(CALC!BG40>0,CALC!BG40-HA40,"-"),"-"),"-") -> - | HF40: =IF(SUM(GZ40,HB40)>0,SUM(GZ40,HB40),"-") -> - | HK40: =IFERROR(IF(HL40>0,CALC!BJ40/HL40,"-"),"-") -> - | HL40: =IF(HH40>0,IFERROR(IF(CALC!BI40>0,CALC!BI40-HH40,"-"),"-"),"-") -> - | HM40: =IF(SUM(HG40,HI40)>0,SUM(HG40,HI40),"-") -> - | HN40: =SUM(K40,R40,Y40,AF40,AM40,AT40,BA40,BH40,BO40,BV40,CC40,CJ40,CQ40,CX40,DE40,DL40,DS40,DZ40,EG40,EN40,EU40,FB40,FI40,FP40,FW40,GD40,GK40,GR40,GY40,HF40,HM40) -> 0 | HO40: =SUM(J40,Q40,X40,AE40,AL40,AS40,AZ40,BG40,BN40,BU40,CB40,CI40,CP40,CW40,DD40,DK40,DR40,DY40,EF40,EM40,ET40,FA40,FH40,FO40,FV40,GC40,GJ40,GQ40,GX40,HE40,HL40) -> 0 | HP40: =IFERROR(HN40/HO40,"")
D41: MS 18 ( TRUCK FUEL ) | E41: 0 | F41: 34324.1 | I41: =IFERROR(IF(J41>0,CALC!B41/J41,"-"),"-") -> - | J41: =IF(F41>0,IFERROR(IF(CALC!A41>0,CALC!A41-F41,"-"),"-"),"-") -> - | K41: =IF(SUM(E41,G41)>0,SUM(E41,G41),"-") -> - | L41: 0 | M41: 34324.1 | P41: =IFERROR(IF(Q41>0,CALC!D41/Q41,"-"),"-") -> - | Q41: =IF(M41>0,IFERROR(IF(CALC!C41>0,CALC!C41-M41,"-"),"-"),"-") -> - | R41: =IF(SUM(L41,N41)>0,SUM(L41,N41),"-") -> - | S41: 0 | T41: 34324.1 | W41: =IFERROR(IF(X41>0,CALC!F41/X41,"-"),"-") -> - | X41: =IF(T41>0,IFERROR(IF(CALC!E41>0,CALC!E41-T41,"-"),"-"),"-") -> - | Y41: =IF(SUM(S41,U41)>0,SUM(S41,U41),"-") -> - | Z41: 0 | AA41: 34324.1 | AD41: =IFERROR(IF(AE41>0,CALC!H41/AE41,"-"),"-") -> - | AE41: =IF(AA41>0,IFERROR(IF(CALC!G41>0,CALC!G41-AA41,"-"),"-"),"-") -> - | AF41: =IF(SUM(Z41,AB41)>0,SUM(Z41,AB41),"-") -> - | AG41: 135 | AH41: 3457.4 | AK41: =IFERROR(IF(AL41>0,CALC!J41/AL41,"-"),"-") -> - | AL41: =IF(AH41>0,IFERROR(IF(CALC!I41>0,CALC!I41-AH41,"-"),"-"),"-") -> - | AM41: =IF(SUM(AG41,AI41)>0,SUM(AG41,AI41),"-") -> 135 | AR41: =IFERROR(IF(AS41>0,CALC!L41/AS41,"-"),"-") -> - | AS41: =IF(AO41>0,IFERROR(IF(CALC!K41>0,CALC!K41-AO41,"-"),"-"),"-") -> - | AT41: =IF(SUM(AN41,AP41)>0,SUM(AN41,AP41),"-") -> - | AY41: =IFERROR(IF(AZ41>0,CALC!N41/AZ41,"-"),"-") -> - | AZ41: =IF(AV41>0,IFERROR(IF(CALC!M41>0,CALC!M41-AV41,"-"),"-"),"-") -> - | BA41: =IF(SUM(AU41,AW41)>0,SUM(AU41,AW41),"-") -> - | BF41: =IFERROR(IF(BG41>0,CALC!P41/BG41,"-"),"-") -> - | BG41: =IF(BC41>0,IFERROR(IF(CALC!O41>0,CALC!O41-BC41,"-"),"-"),"-") -> - | BH41: =IF(SUM(BB41,BD41)>0,SUM(BB41,BD41),"-") -> - | BM41: =IFERROR(IF(BN41>0,CALC!R41/BN41,"-"),"-") -> - | BN41: =IF(BJ41>0,IFERROR(IF(CALC!Q41>0,CALC!Q41-BJ41,"-"),"-"),"-") -> - | BO41: =IF(SUM(BI41,BK41)>0,SUM(BI41,BK41),"-") -> - | BT41: =IFERROR(IF(BU41>0,CALC!T41/BU41,"-"),"-") -> - | BU41: =IF(BQ41>0,IFERROR(IF(CALC!S41>0,CALC!S41-BQ41,"-"),"-"),"-") -> - | BV41: =IF(SUM(BP41,BR41)>0,SUM(BP41,BR41),"-") -> - | CA41: =IFERROR(IF(CB41>0,CALC!V41/CB41,"-"),"-") -> - | CB41: =IF(BX41>0,IFERROR(IF(CALC!U41>0,CALC!U41-BX41,"-"),"-"),"-") -> - | CC41: =IF(SUM(BW41,BY41)>0,SUM(BW41,BY41),"-") -> - | CH41: =IFERROR(IF(CI41>0,CALC!X41/CI41,"-"),"-") -> - | CI41: =IF(CE41>0,IFERROR(IF(CALC!W41>0,CALC!W41-CE41,"-"),"-"),"-") -> - | CJ41: =IF(SUM(CD41,CF41)>0,SUM(CD41,CF41),"-") -> - | CO41: =IFERROR(IF(CP41>0,CALC!Z41/CP41,"-"),"-") -> - | CP41: =IF(CL41>0,IFERROR(IF(CALC!Y41>0,CALC!Y41-CL41,"-"),"-"),"-") -> - | CQ41: =IF(SUM(CK41,CM41)>0,SUM(CK41,CM41),"-") -> - | CV41: =IFERROR(IF(CW41>0,CALC!AB41/CW41,"-"),"-") -> - | CW41: =IF(CS41>0,IFERROR(IF(CALC!AA41>0,CALC!AA41-CS41,"-"),"-"),"-") -> - | CX41: =IF(SUM(CR41,CT41)>0,SUM(CR41,CT41),"-") -> - | DC41: =IFERROR(IF(DD41>0,CALC!AD41/DD41,"-"),"-") -> - | DD41: =IF(CZ41>0,IFERROR(IF(CALC!AC41>0,CALC!AC41-CZ41,"-"),"-"),"-") -> - | DE41: =IF(SUM(CY41,DA41)>0,SUM(CY41,DA41),"-") -> - | DJ41: =IFERROR(IF(DK41>0,CALC!AF41/DK41,"-"),"-") -> - | DK41: =IF(DG41>0,IFERROR(IF(CALC!AE41>0,CALC!AE41-DG41,"-"),"-"),"-") -> - | DL41: =IF(SUM(DF41,DH41)>0,SUM(DF41,DH41),"-") -> - | DQ41: =IFERROR(IF(DR41>0,CALC!AH41/DR41,"-"),"-") -> - | DR41: =IF(DN41>0,IFERROR(IF(CALC!AG41>0,CALC!AG41-DN41,"-"),"-"),"-") -> - | DS41: =IF(SUM(DM41,DO41)>0,SUM(DM41,DO41),"-") -> - | DX41: =IFERROR(IF(DY41>0,CALC!AJ41/DY41,"-"),"-") -> - | DY41: =IF(DU41>0,IFERROR(IF(CALC!AI41>0,CALC!AI41-DU41,"-"),"-"),"-") -> - | DZ41: =IF(SUM(DT41,DV41)>0,SUM(DT41,DV41),"-") -> - | EE41: =IFERROR(IF(EF41>0,CALC!AL41/EF41,"-"),"-") -> - | EF41: =IF(EB41>0,IFERROR(IF(CALC!AK41>0,CALC!AK41-EB41,"-"),"-"),"-") -> - | EG41: =IF(SUM(EA41,EC41)>0,SUM(EA41,EC41),"-") -> - | EL41: =IFERROR(IF(EM41>0,CALC!AN41/EM41,"-"),"-") -> - | EM41: =IF(EI41>0,IFERROR(IF(CALC!AM41>0,CALC!AM41-EI41,"-"),"-"),"-") -> - | EN41: =IF(SUM(EH41,EJ41)>0,SUM(EH41,EJ41),"-") -> - | ES41: =IFERROR(IF(ET41>0,CALC!AP41/ET41,"-"),"-") -> - | ET41: =IF(EP41>0,IFERROR(IF(CALC!AO41>0,CALC!AO41-EP41,"-"),"-"),"-") -> - | EU41: =IF(SUM(EO41,EQ41)>0,SUM(EO41,EQ41),"-") -> - | EZ41: =IFERROR(IF(FA41>0,CALC!AR41/FA41,"-"),"-") -> - | FA41: =IF(EW41>0,IFERROR(IF(CALC!AQ41>0,CALC!AQ41-EW41,"-"),"-"),"-") -> - | FB41: =IF(SUM(EV41,EX41)>0,SUM(EV41,EX41),"-") -> - | FG41: =IFERROR(IF(FH41>0,CALC!AT41/FH41,"-"),"-") -> - | FH41: =IF(FD41>0,IFERROR(IF(CALC!AS41>0,CALC!AS41-FD41,"-"),"-"),"-") -> - | FI41: =IF(SUM(FC41,FE41)>0,SUM(FC41,FE41),"-") -> - | FN41: =IFERROR(IF(FO41>0,CALC!AV41/FO41,"-"),"-") -> - | FO41: =IF(FK41>0,IFERROR(IF(CALC!AU41>0,CALC!AU41-FK41,"-"),"-"),"-") -> - | FP41: =IF(SUM(FJ41,FL41)>0,SUM(FJ41,FL41),"-") -> - | FU41: =IFERROR(IF(FV41>0,CALC!AX41/FV41,"-"),"-") -> - | FV41: =IF(FR41>0,IFERROR(IF(CALC!AW41>0,CALC!AW41-FR41,"-"),"-"),"-") -> - | FW41: =IF(SUM(FQ41,FS41)>0,SUM(FQ41,FS41),"-") -> - | GB41: =IFERROR(IF(GC41>0,CALC!AZ41/GC41,"-"),"-") -> - | GC41: =IF(FY41>0,IFERROR(IF(CALC!AY41>0,CALC!AY41-FY41,"-"),"-"),"-") -> - | GD41: =IF(SUM(FX41,FZ41)>0,SUM(FX41,FZ41),"-") -> - | GI41: =IFERROR(IF(GJ41>0,CALC!BB41/GJ41,"-"),"-") -> - | GJ41: =IF(GF41>0,IFERROR(IF(CALC!BA41>0,CALC!BA41-GF41,"-"),"-"),"-") -> - | GK41: =IF(SUM(GE41,GG41)>0,SUM(GE41,GG41),"-") -> - | GP41: =IFERROR(IF(GQ41>0,CALC!BD41/GQ41,"-"),"-") -> - | GQ41: =IF(GM41>0,IFERROR(IF(CALC!BC41>0,CALC!BC41-GM41,"-"),"-"),"-") -> - | GR41: =IF(SUM(GL41,GN41)>0,SUM(GL41,GN41),"-") -> - | GW41: =IFERROR(IF(GX41>0,CALC!BF41/GX41,"-"),"-") -> - | GX41: =IF(GT41>0,IFERROR(IF(CALC!BE41>0,CALC!BE41-GT41,"-"),"-"),"-") -> - | GY41: =IF(SUM(GS41,GU41)>0,SUM(GS41,GU41),"-") -> - | HD41: =IFERROR(IF(HE41>0,CALC!BH41/HE41,"-"),"-") -> - | HE41: =IF(HA41>0,IFERROR(IF(CALC!BG41>0,CALC!BG41-HA41,"-"),"-"),"-") -> - | HF41: =IF(SUM(GZ41,HB41)>0,SUM(GZ41,HB41),"-") -> - | HK41: =IFERROR(IF(HL41>0,CALC!BJ41/HL41,"-"),"-") -> - | HL41: =IF(HH41>0,IFERROR(IF(CALC!BI41>0,CALC!BI41-HH41,"-"),"-"),"-") -> - | HM41: =IF(SUM(HG41,HI41)>0,SUM(HG41,HI41),"-") -> - | HN41: =SUM(K41,R41,Y41,AF41,AM41,AT41,BA41,BH41,BO41,BV41,CC41,CJ41,CQ41,CX41,DE41,DL41,DS41,DZ41,EG41,EN41,EU41,FB41,FI41,FP41,FW41,GD41,GK41,GR41,GY41,HF41,HM41) -> 135 | HO41: =SUM(J41,Q41,X41,AE41,AL41,AS41,AZ41,BG41,BN41,BU41,CB41,CI41,CP41,CW41,DD41,DK41,DR41,DY41,EF41,EM41,ET41,FA41,FH41,FO41,FV41,GC41,GJ41,GQ41,GX41,HE41,HL41) -> 0 | HP41: =IFERROR(HN41/HO41,"")
D42: MS 19 ( TRUCK SERVICE PH ) | E42: 0 | F42: 4356 | I42: =IFERROR(IF(J42>0,CALC!B42/J42,"-"),"-") -> - | J42: =IF(F42>0,IFERROR(IF(CALC!A42>0,CALC!A42-F42,"-"),"-"),"-") -> - | K42: =IF(SUM(E42,G42)>0,SUM(E42,G42),"-") -> - | L42: 0 | M42: 4356 | P42: =IFERROR(IF(Q42>0,CALC!D42/Q42,"-"),"-") -> - | Q42: =IF(M42>0,IFERROR(IF(CALC!C42>0,CALC!C42-M42,"-"),"-"),"-") -> - | R42: =IF(SUM(L42,N42)>0,SUM(L42,N42),"-") -> - | S42: 0 | T42: 4356 | W42: =IFERROR(IF(X42>0,CALC!F42/X42,"-"),"-") -> - | X42: =IF(T42>0,IFERROR(IF(CALC!E42>0,CALC!E42-T42,"-"),"-"),"-") -> - | Y42: =IF(SUM(S42,U42)>0,SUM(S42,U42),"-") -> - | Z42: 0 | AA42: 4356 | AD42: =IFERROR(IF(AE42>0,CALC!H42/AE42,"-"),"-") -> - | AE42: =IF(AA42>0,IFERROR(IF(CALC!G42>0,CALC!G42-AA42,"-"),"-"),"-") -> - | AF42: =IF(SUM(Z42,AB42)>0,SUM(Z42,AB42),"-") -> - | AG42: 0 | AH42: 4356 | AK42: =IFERROR(IF(AL42>0,CALC!J42/AL42,"-"),"-") -> - | AL42: =IF(AH42>0,IFERROR(IF(CALC!I42>0,CALC!I42-AH42,"-"),"-"),"-") -> - | AM42: =IF(SUM(AG42,AI42)>0,SUM(AG42,AI42),"-") -> - | AR42: =IFERROR(IF(AS42>0,CALC!L42/AS42,"-"),"-") -> - | AS42: =IF(AO42>0,IFERROR(IF(CALC!K42>0,CALC!K42-AO42,"-"),"-"),"-") -> - | AT42: =IF(SUM(AN42,AP42)>0,SUM(AN42,AP42),"-") -> - | AY42: =IFERROR(IF(AZ42>0,CALC!N42/AZ42,"-"),"-") -> - | AZ42: =IF(AV42>0,IFERROR(IF(CALC!M42>0,CALC!M42-AV42,"-"),"-"),"-") -> - | BA42: =IF(SUM(AU42,AW42)>0,SUM(AU42,AW42),"-") -> - | BF42: =IFERROR(IF(BG42>0,CALC!P42/BG42,"-"),"-") -> - | BG42: =IF(BC42>0,IFERROR(IF(CALC!O42>0,CALC!O42-BC42,"-"),"-"),"-") -> - | BH42: =IF(SUM(BB42,BD42)>0,SUM(BB42,BD42),"-") -> - | BM42: =IFERROR(IF(BN42>0,CALC!R42/BN42,"-"),"-") -> - | BN42: =IF(BJ42>0,IFERROR(IF(CALC!Q42>0,CALC!Q42-BJ42,"-"),"-"),"-") -> - | BO42: =IF(SUM(BI42,BK42)>0,SUM(BI42,BK42),"-") -> - | BT42: =IFERROR(IF(BU42>0,CALC!T42/BU42,"-"),"-") -> - | BU42: =IF(BQ42>0,IFERROR(IF(CALC!S42>0,CALC!S42-BQ42,"-"),"-"),"-") -> - | BV42: =IF(SUM(BP42,BR42)>0,SUM(BP42,BR42),"-") -> - | CA42: =IFERROR(IF(CB42>0,CALC!V42/CB42,"-"),"-") -> - | CB42: =IF(BX42>0,IFERROR(IF(CALC!U42>0,CALC!U42-BX42,"-"),"-"),"-") -> - | CC42: =IF(SUM(BW42,BY42)>0,SUM(BW42,BY42),"-") -> - | CH42: =IFERROR(IF(CI42>0,CALC!X42/CI42,"-"),"-") -> - | CI42: =IF(CE42>0,IFERROR(IF(CALC!W42>0,CALC!W42-CE42,"-"),"-"),"-") -> - | CJ42: =IF(SUM(CD42,CF42)>0,SUM(CD42,CF42),"-") -> - | CO42: =IFERROR(IF(CP42>0,CALC!Z42/CP42,"-"),"-") -> - | CP42: =IF(CL42>0,IFERROR(IF(CALC!Y42>0,CALC!Y42-CL42,"-"),"-"),"-") -> - | CQ42: =IF(SUM(CK42,CM42)>0,SUM(CK42,CM42),"-") -> - | CV42: =IFERROR(IF(CW42>0,CALC!AB42/CW42,"-"),"-") -> - | CW42: =IF(CS42>0,IFERROR(IF(CALC!AA42>0,CALC!AA42-CS42,"-"),"-"),"-") -> - | CX42: =IF(SUM(CR42,CT42)>0,SUM(CR42,CT42),"-") -> - | DC42: =IFERROR(IF(DD42>0,CALC!AD42/DD42,"-"),"-") -> - | DD42: =IF(CZ42>0,IFERROR(IF(CALC!AC42>0,CALC!AC42-CZ42,"-"),"-"),"-") -> - | DE42: =IF(SUM(CY42,DA42)>0,SUM(CY42,DA42),"-") -> - | DJ42: =IFERROR(IF(DK42>0,CALC!AF42/DK42,"-"),"-") -> - | DK42: =IF(DG42>0,IFERROR(IF(CALC!AE42>0,CALC!AE42-DG42,"-"),"-"),"-") -> - | DL42: =IF(SUM(DF42,DH42)>0,SUM(DF42,DH42),"-") -> - | DQ42: =IFERROR(IF(DR42>0,CALC!AH42/DR42,"-"),"-") -> - | DR42: =IF(DN42>0,IFERROR(IF(CALC!AG42>0,CALC!AG42-DN42,"-"),"-"),"-") -> - | DS42: =IF(SUM(DM42,DO42)>0,SUM(DM42,DO42),"-") -> - | DX42: =IFERROR(IF(DY42>0,CALC!AJ42/DY42,"-"),"-") -> - | DY42: =IF(DU42>0,IFERROR(IF(CALC!AI42>0,CALC!AI42-DU42,"-"),"-"),"-") -> - | DZ42: =IF(SUM(DT42,DV42)>0,SUM(DT42,DV42),"-") -> - | EE42: =IFERROR(IF(EF42>0,CALC!AL42/EF42,"-"),"-") -> - | EF42: =IF(EB42>0,IFERROR(IF(CALC!AK42>0,CALC!AK42-EB42,"-"),"-"),"-") -> - | EG42: =IF(SUM(EA42,EC42)>0,SUM(EA42,EC42),"-") -> - | EL42: =IFERROR(IF(EM42>0,CALC!AN42/EM42,"-"),"-") -> - | EM42: =IF(EI42>0,IFERROR(IF(CALC!AM42>0,CALC!AM42-EI42,"-"),"-"),"-") -> - | EN42: =IF(SUM(EH42,EJ42)>0,SUM(EH42,EJ42),"-") -> - | ES42: =IFERROR(IF(ET42>0,CALC!AP42/ET42,"-"),"-") -> - | ET42: =IF(EP42>0,IFERROR(IF(CALC!AO42>0,CALC!AO42-EP42,"-"),"-"),"-") -> - | EU42: =IF(SUM(EO42,EQ42)>0,SUM(EO42,EQ42),"-") -> - | EZ42: =IFERROR(IF(FA42>0,CALC!AR42/FA42,"-"),"-") -> - | FA42: =IF(EW42>0,IFERROR(IF(CALC!AQ42>0,CALC!AQ42-EW42,"-"),"-"),"-") -> - | FB42: =IF(SUM(EV42,EX42)>0,SUM(EV42,EX42),"-") -> - | FG42: =IFERROR(IF(FH42>0,CALC!AT42/FH42,"-"),"-") -> - | FH42: =IF(FD42>0,IFERROR(IF(CALC!AS42>0,CALC!AS42-FD42,"-"),"-"),"-") -> - | FI42: =IF(SUM(FC42,FE42)>0,SUM(FC42,FE42),"-") -> - | FN42: =IFERROR(IF(FO42>0,CALC!AV42/FO42,"-"),"-") -> - | FO42: =IF(FK42>0,IFERROR(IF(CALC!AU42>0,CALC!AU42-FK42,"-"),"-"),"-") -> - | FP42: =IF(SUM(FJ42,FL42)>0,SUM(FJ42,FL42),"-") -> - | FU42: =IFERROR(IF(FV42>0,CALC!AX42/FV42,"-"),"-") -> - | FV42: =IF(FR42>0,IFERROR(IF(CALC!AW42>0,CALC!AW42-FR42,"-"),"-"),"-") -> - | FW42: =IF(SUM(FQ42,FS42)>0,SUM(FQ42,FS42),"-") -> - | GB42: =IFERROR(IF(GC42>0,CALC!AZ42/GC42,"-"),"-") -> - | GC42: =IF(FY42>0,IFERROR(IF(CALC!AY42>0,CALC!AY42-FY42,"-"),"-"),"-") -> - | GD42: =IF(SUM(FX42,FZ42)>0,SUM(FX42,FZ42),"-") -> - | GI42: =IFERROR(IF(GJ42>0,CALC!BB42/GJ42,"-"),"-") -> - | GJ42: =IF(GF42>0,IFERROR(IF(CALC!BA42>0,CALC!BA42-GF42,"-"),"-"),"-") -> - | GK42: =IF(SUM(GE42,GG42)>0,SUM(GE42,GG42),"-") -> - | GP42: =IFERROR(IF(GQ42>0,CALC!BD42/GQ42,"-"),"-") -> - | GQ42: =IF(GM42>0,IFERROR(IF(CALC!BC42>0,CALC!BC42-GM42,"-"),"-"),"-") -> - | GR42: =IF(SUM(GL42,GN42)>0,SUM(GL42,GN42),"-") -> - | GW42: =IFERROR(IF(GX42>0,CALC!BF42/GX42,"-"),"-") -> - | GX42: =IF(GT42>0,IFERROR(IF(CALC!BE42>0,CALC!BE42-GT42,"-"),"-"),"-") -> - | GY42: =IF(SUM(GS42,GU42)>0,SUM(GS42,GU42),"-") -> - | HD42: =IFERROR(IF(HE42>0,CALC!BH42/HE42,"-"),"-") -> - | HE42: =IF(HA42>0,IFERROR(IF(CALC!BG42>0,CALC!BG42-HA42,"-"),"-"),"-") -> - | HF42: =IF(SUM(GZ42,HB42)>0,SUM(GZ42,HB42),"-") -> - | HK42: =IFERROR(IF(HL42>0,CALC!BJ42/HL42,"-"),"-") -> - | HL42: =IF(HH42>0,IFERROR(IF(CALC!BI42>0,CALC!BI42-HH42,"-"),"-"),"-") -> - | HM42: =IF(SUM(HG42,HI42)>0,SUM(HG42,HI42),"-") -> - | HN42: =SUM(K42,R42,Y42,AF42,AM42,AT42,BA42,BH42,BO42,BV42,CC42,CJ42,CQ42,CX42,DE42,DL42,DS42,DZ42,EG42,EN42,EU42,FB42,FI42,FP42,FW42,GD42,GK42,GR42,GY42,HF42,HM42) -> 0 | HO42: =SUM(J42,Q42,X42,AE42,AL42,AS42,AZ42,BG42,BN42,BU42,CB42,CI42,CP42,CW42,DD42,DK42,DR42,DY42,EF42,EM42,ET42,FA42,FH42,FO42,FV42,GC42,GJ42,GQ42,GX42,HE42,HL42) -> 0 | HP42: =IFERROR(HN42/HO42,"")
